===========================================
  Quantum Verifier - Hybrid Relayer Service
===========================================

Configuration:
  Contract ID: CAQNMNI57UZ44RV7K2T4INETCEES4W77XB3CT22Y2G6SH3SFFLPULDQW
  Network: testnet
  Soroban RPC: https://soroban-testnet.stellar.org:443
  Horizon: https://horizon-testnet.stellar.org
  Poll Interval: 5000ms


Relayer public key: GA2UZMETZS7GRYFH4H7LAUZXUP3J6JWMB7IN2E7IHXDQSR7JXU44H4A5
Starting event watcher...
Contract ID: CAQNMNI57UZ44RV7K2T4INETCEES4W77XB3CT22Y2G6SH3SFFLPULDQW
RPC URL: https://soroban-testnet.stellar.org:443
🚀 Relayer API listening on port 3001
   GET  http://localhost:3001/public-key
   POST http://localhost:3001/api/submit-approval
   POST http://localhost:3001/api/verify-and-submit
   GET  http://localhost:3001/api/health

   ZK-SNARK Quantum-Safe Endpoints:
   POST http://localhost:3001/api/zk/generate-proof
   POST http://localhost:3001/api/zk/submit
   GET  http://localhost:3001/api/zk/status

   ZK Enabled: true
Starting from ledger: 662680

Relayer is running. Watching for approval events...
Press Ctrl+C to stop.

=== Direct Verify and Submit Request ===
Stellar Address: GACBXEYGBAYHLTTHWUPCYF42S4VNTOX5OSS3UXBPX3X2G5ZTBVAANGPY
Tx Hash: c4714a79627c72c5d3eacad95ec7e65e130b2fe5fa713b7fdc1fef2de25e3741
Tx XDR length: 236
Signature length: 22636
Signature bytes length: 16976
Found SPHINCS+ public key in memo ( 32 bytes)
1. Verifying SPHINCS+ signature...
=== Simplified SPHINCS+ Verification ===
Signature length: 16976 bytes
Message length: 32 bytes
Public key length: 32 bytes
Public key seed: 5051f551ef48e4d7
Public key root: 90a37a3ad423ada8
Tree index: 80985849783104608
Leaf index: 0
FORS pk computed: 868cd1ccb4afe71a
✅ Simplified SPHINCS+ verification SUCCESS (FORS signature valid)
ℹ️  Note: Hypertree path verification skipped (simplified mode)
   ✅ Signature verified successfully
2. Rebuilding transaction with current sequence...
   Current sequence: 2845269804711937
   Re-creating operations...
   Operation type: payment
   Adding contract authorization (sha256Hash preimage)...
   Contract ID bytes (hex): 20d6351dfd33ce46bf56a7c4349311092e5bffb87629eb58d1bd23ee452adf45
   Signature hint (last 4 bytes): 452adf45
   Transaction signatures before: 0
   Transaction signatures after: 1
   ✓ Contract authorization added as signature
   ✓ Signature: 32 bytes (contract ID bytes)
3. Submitting to Stellar network...
Verify and submit error: AxiosError: Request failed with status code 400
    at settle (/home/eshan/workdump/nebula-ext/relayer/node_modules/axios/dist/node/axios.cjs:2106:12)
    at IncomingMessage.handleStreamEnd (/home/eshan/workdump/nebula-ext/relayer/node_modules/axios/dist/node/axios.cjs:3491:11)
    at IncomingMessage.emit (node:events:520:35)
    at endReadableNT (node:internal/streams/readable:1701:12)
    at process.processTicksAndRejections (node:internal/process/task_queues:90:21)
    at Axios.request (/home/eshan/workdump/nebula-ext/relayer/node_modules/axios/dist/node/axios.cjs:4731:41)
    at process.processTicksAndRejections (node:internal/process/task_queues:105:5)
    at async file:///home/eshan/workdump/nebula-ext/relayer/dist/src/api.js:388:30 {
  code: 'ERR_BAD_REQUEST',
  config: {
    transitional: {
      silentJSONParsing: true,
      forcedJSONParsing: true,
      clarifyTimeoutError: false
    },
    adapter: [ 'xhr', 'http', 'fetch' ],
    transformRequest: [ [Function: transformRequest] ],
    transformResponse: [ [Function: transformResponse] ],
    timeout: 60000,
    xsrfCookieName: 'XSRF-TOKEN',
    xsrfHeaderName: 'X-XSRF-TOKEN',
    maxContentLength: -1,
    maxBodyLength: -1,
    env: { FormData: [Function], Blob: [class Blob] },
    validateStatus: [Function: validateStatus],
    headers: Object [AxiosHeaders] {
      Accept: 'application/json, text/plain, */*',
      'Content-Type': 'application/x-www-form-urlencoded',
      'X-Client-Name': 'js-stellar-sdk',
      'X-Client-Version': '12.3.0',
      'User-Agent': 'axios/1.13.2',
      'Content-Length': '303',
      'Accept-Encoding': 'gzip, compress, deflate, br'
    },
    method: 'post',
    url: 'https://horizon-testnet.stellar.org/transactions',
    data: 'tx=AAAAAgAAAAAEG5MGCDB1zme1HiwXmpcq2br9dKW6XC%2B%2B76N3Mw1ABgAAAGQAChvCAAAAAgAAAAEAAAAAAAAAAAAAAABpdYPEAAAAA1BR9VHvSOTXu17kGoCtJ3iQo3o61COtqORnGUjKhRnWAAAAAQAAAAAAAAABAAAAAMVoo7co524bgTdlAL7N0nOxkj6smiUQydB6%2FPysfzbUAAAAAAAAAAAF9eEAAAAAAAAAAAFFKt9FAAAAICDWNR39M85Gv1anxDSTEQkuW%2F%2B4dinrWNG9I%2B5FKt9F',
    allowAbsoluteUrls: true
  },
  request: <ref *1> ClientRequest {
    _events: [Object: null prototype] {
      abort: [Function (anonymous)],
      aborted: [Function (anonymous)],
      connect: [Function (anonymous)],
      error: [Function (anonymous)],
      socket: [Function (anonymous)],
      timeout: [Function (anonymous)],
      finish: [Function: requestOnFinish]
    },
    _eventsCount: 7,
    _maxListeners: undefined,
    outputData: [],
    outputSize: 0,
    writable: true,
    destroyed: true,
    _last: false,
    chunkedEncoding: false,
    shouldKeepAlive: true,
    maxRequestsOnConnectionReached: false,
    _defaultKeepAlive: true,
    useChunkedEncodingByDefault: true,
    sendDate: false,
    _removedConnection: false,
    _removedContLen: false,
    _removedTE: false,
    strictContentLength: false,
    _contentLength: 303,
    _hasBody: true,
    _trailer: '',
    finished: true,
    _headerSent: true,
    _closed: true,
    _header: 'POST /transactions HTTP/1.1\r\n' +
      'Accept: application/json, text/plain, */*\r\n' +
      'Content-Type: application/x-www-form-urlencoded\r\n' +
      'X-Client-Name: js-stellar-sdk\r\n' +
      'X-Client-Version: 12.3.0\r\n' +
      'User-Agent: axios/1.13.2\r\n' +
      'Content-Length: 303\r\n' +
      'Accept-Encoding: gzip, compress, deflate, br\r\n' +
      'Host: horizon-testnet.stellar.org\r\n' +
      'Connection: keep-alive\r\n' +
      '\r\n',
    _keepAliveTimeout: 0,
    _onPendingData: [Function: nop],
    agent: Agent {
      _events: [Object: null prototype],
      _eventsCount: 2,
      _maxListeners: undefined,
      options: [Object: null prototype],
      defaultPort: 443,
      protocol: 'https:',
      requests: [Object: null prototype] {},
      sockets: [Object: null prototype] {},
      freeSockets: [Object: null prototype],
      keepAliveMsecs: 1000,
      keepAlive: true,
      maxSockets: Infinity,
      maxFreeSockets: 256,
      scheduling: 'lifo',
      maxTotalSockets: Infinity,
      totalSocketCount: 2,
      agentKeepAliveTimeoutBuffer: 1000,
      maxCachedSessions: 100,
      _sessionCache: [Object],
      Symbol(shapeMode): false,
      Symbol(kCapture): false
    },
    socketPath: undefined,
    method: 'POST',
    maxHeaderSize: undefined,
    insecureHTTPParser: undefined,
    joinDuplicateHeaders: undefined,
    path: '/transactions',
    _ended: true,
    res: IncomingMessage {
      _events: [Object],
      _readableState: [ReadableState],
      _maxListeners: undefined,
      socket: null,
      httpVersionMajor: 1,
      httpVersionMinor: 1,
      httpVersion: '1.1',
      complete: true,
      rawHeaders: [Array],
      rawTrailers: [],
      joinDuplicateHeaders: undefined,
      aborted: false,
      upgrade: false,
      url: '',
      method: null,
      statusCode: 400,
      statusMessage: 'Bad Request',
      client: [TLSSocket],
      _consuming: false,
      _dumped: false,
      req: [Circular *1],
      _eventsCount: 4,
      responseUrl: 'https://horizon-testnet.stellar.org/transactions',
      redirects: [],
      Symbol(shapeMode): true,
      Symbol(kCapture): false,
      Symbol(kHeaders): [Object],
      Symbol(kHeadersCount): 12,
      Symbol(kTrailers): null,
      Symbol(kTrailersCount): 0
    },
    aborted: false,
    timeoutCb: null,
    upgradeOrConnect: false,
    parser: null,
    maxHeadersCount: null,
    reusedSocket: true,
    host: 'horizon-testnet.stellar.org',
    protocol: 'https:',
    _redirectable: Writable {
      _events: [Object],
      _writableState: [WritableState],
      _maxListeners: undefined,
      _options: [Object],
      _ended: true,
      _ending: true,
      _redirectCount: 0,
      _redirects: [],
      _requestBodyLength: 303,
      _requestBodyBuffers: [],
      _eventsCount: 3,
      _onNativeResponse: [Function (anonymous)],
      _currentRequest: [Circular *1],
      _currentUrl: 'https://horizon-testnet.stellar.org/transactions',
      _timeout: null,
      Symbol(shapeMode): true,
      Symbol(kCapture): false
    },
    Symbol(shapeMode): false,
    Symbol(kCapture): false,
    Symbol(kBytesWritten): 0,
    Symbol(kNeedDrain): false,
    Symbol(corked): 0,
    Symbol(kChunkedBuffer): [],
    Symbol(kChunkedLength): 0,
    Symbol(kSocket): TLSSocket {
      _tlsOptions: [Object],
      _secureEstablished: true,
      _securePending: false,
      _newSessionPending: false,
      _controlReleased: true,
      secureConnecting: false,
      _SNICallback: null,
      servername: 'horizon-testnet.stellar.org',
      alpnProtocol: false,
      authorized: true,
      authorizationError: null,
      encrypted: true,
      _events: [Object: null prototype],
      _eventsCount: 9,
      connecting: false,
      _hadError: false,
      _parent: null,
      _host: 'horizon-testnet.stellar.org',
      _closeAfterHandlingError: false,
      _readableState: [ReadableState],
      _writableState: [WritableState],
      allowHalfOpen: false,
      _maxListeners: undefined,
      _sockname: null,
      _pendingData: null,
      _pendingEncoding: '',
      server: undefined,
      _server: null,
      ssl: null,
      _requestCert: true,
      _rejectUnauthorized: true,
      timeout: 5000,
      parser: null,
      _httpMessage: null,
      autoSelectFamilyAttemptedAddresses: [Array],
      handle: [TLSWrap],
      Symbol(alpncallback): null,
      Symbol(res): [TLSWrap],
      Symbol(verified): true,
      Symbol(pendingSession): null,
      Symbol(async_id_symbol): -1,
      Symbol(kHandle): [TLSWrap],
      Symbol(lastWriteQueueSize): 0,
      Symbol(timeout): Timeout {
        _idleTimeout: 5000,
        _idlePrev: [TimersList],
        _idleNext: [Timeout],
        _idleStart: 59785,
        _onTimeout: [Function: bound ],
        _timerArgs: undefined,
        _repeat: null,
        _destroyed: false,
        Symbol(refed): false,
        Symbol(kHasPrimitive): false,
        Symbol(asyncId): 496,
        Symbol(triggerId): 494,
        Symbol(kAsyncContextFrame): undefined
      },
      Symbol(kBuffer): null,
      Symbol(kBufferCb): null,
      Symbol(kBufferGen): null,
      Symbol(shapeMode): true,
      Symbol(kCapture): false,
      Symbol(kSetNoDelay): false,
      Symbol(kSetKeepAlive): true,
      Symbol(kSetKeepAliveInitialDelay): 1,
      Symbol(kBytesRead): 0,
      Symbol(kBytesWritten): 0,
      Symbol(connect-options): [Object]
    },
    Symbol(kOutHeaders): [Object: null prototype] {
      accept: [Array],
      'content-type': [Array],
      'x-client-name': [Array],
      'x-client-version': [Array],
      'user-agent': [Array],
      'content-length': [Array],
      'accept-encoding': [Array],
      host: [Array]
    },
    Symbol(errored): null,
    Symbol(kHighWaterMark): 65536,
    Symbol(kRejectNonStandardBodyWrites): false,
    Symbol(kUniqueHeaders): null
  },
  response: {
    status: 400,
    statusText: 'Bad Request',
    headers: Object [AxiosHeaders] {
      date: 'Sun, 25 Jan 2026 02:44:54 GMT',
      'content-type': 'application/problem+json; charset=utf-8',
      'content-length': '852',
      connection: 'keep-alive',
      'cache-control': 'no-cache, no-store, max-age=0',
      vary: 'Origin'
    },
    config: {
      transitional: [Object],
      adapter: [Array],
      transformRequest: [Array],
      transformResponse: [Array],
      timeout: 60000,
      xsrfCookieName: 'XSRF-TOKEN',
      xsrfHeaderName: 'X-XSRF-TOKEN',
      maxContentLength: -1,
      maxBodyLength: -1,
      env: [Object],
      validateStatus: [Function: validateStatus],
      headers: [Object [AxiosHeaders]],
      method: 'post',
      url: 'https://horizon-testnet.stellar.org/transactions',
      data: 'tx=AAAAAgAAAAAEG5MGCDB1zme1HiwXmpcq2br9dKW6XC%2B%2B76N3Mw1ABgAAAGQAChvCAAAAAgAAAAEAAAAAAAAAAAAAAABpdYPEAAAAA1BR9VHvSOTXu17kGoCtJ3iQo3o61COtqORnGUjKhRnWAAAAAQAAAAAAAAABAAAAAMVoo7co524bgTdlAL7N0nOxkj6smiUQydB6%2FPysfzbUAAAAAAAAAAAF9eEAAAAAAAAAAAFFKt9FAAAAICDWNR39M85Gv1anxDSTEQkuW%2F%2B4dinrWNG9I%2B5FKt9F',
      allowAbsoluteUrls: true
    },
    request: <ref *1> ClientRequest {
      _events: [Object: null prototype],
      _eventsCount: 7,
      _maxListeners: undefined,
      outputData: [],
      outputSize: 0,
      writable: true,
      destroyed: true,
      _last: false,
      chunkedEncoding: false,
      shouldKeepAlive: true,
      maxRequestsOnConnectionReached: false,
      _defaultKeepAlive: true,
      useChunkedEncodingByDefault: true,
      sendDate: false,
      _removedConnection: false,
      _removedContLen: false,
      _removedTE: false,
      strictContentLength: false,
      _contentLength: 303,
      _hasBody: true,
      _trailer: '',
      finished: true,
      _headerSent: true,
      _closed: true,
      _header: 'POST /transactions HTTP/1.1\r\n' +
        'Accept: application/json, text/plain, */*\r\n' +
        'Content-Type: application/x-www-form-urlencoded\r\n' +
        'X-Client-Name: js-stellar-sdk\r\n' +
        'X-Client-Version: 12.3.0\r\n' +
        'User-Agent: axios/1.13.2\r\n' +
        'Content-Length: 303\r\n' +
        'Accept-Encoding: gzip, compress, deflate, br\r\n' +
        'Host: horizon-testnet.stellar.org\r\n' +
        'Connection: keep-alive\r\n' +
        '\r\n',
      _keepAliveTimeout: 0,
      _onPendingData: [Function: nop],
      agent: [Agent],
      socketPath: undefined,
      method: 'POST',
      maxHeaderSize: undefined,
      insecureHTTPParser: undefined,
      joinDuplicateHeaders: undefined,
      path: '/transactions',
      _ended: true,
      res: [IncomingMessage],
      aborted: false,
      timeoutCb: null,
      upgradeOrConnect: false,
      parser: null,
      maxHeadersCount: null,
      reusedSocket: true,
      host: 'horizon-testnet.stellar.org',
      protocol: 'https:',
      _redirectable: [Writable],
      Symbol(shapeMode): false,
      Symbol(kCapture): false,
      Symbol(kBytesWritten): 0,
      Symbol(kNeedDrain): false,
      Symbol(corked): 0,
      Symbol(kChunkedBuffer): [],
      Symbol(kChunkedLength): 0,
      Symbol(kSocket): [TLSSocket],
      Symbol(kOutHeaders): [Object: null prototype],
      Symbol(errored): null,
      Symbol(kHighWaterMark): 65536,
      Symbol(kRejectNonStandardBodyWrites): false,
      Symbol(kUniqueHeaders): null
    },
    data: {
      type: 'https://stellar.org/horizon-errors/transaction_failed',
      title: 'Transaction Failed',
      status: 400,
      detail: 'The transaction failed when submitted to the stellar network. The `extras.result_codes` field on this response contains further details.  Descriptions of each code can be found at: https://developers.stellar.org/api/errors/http-status-codes/horizon-specific/transaction-failed/',
      extras: [Object]
    }
  },
  status: 400
}
Horizon error codes: { transaction: 'tx_bad_auth' }
=== Direct Verify and Submit Request ===
Stellar Address: GDQF27NIA5WRKFNTRSNPE5YDOQGGOR46AQGBRJNQZABB6MI6YJYQJDSC
Tx Hash: 5f5eeb54c28ec0132c59a2026d2131c38fd095b457e26dd77a7e6d7468f52a65
Tx XDR length: 236
Signature length: 22636
Signature bytes length: 16976
Found SPHINCS+ public key in memo ( 32 bytes)
1. Verifying SPHINCS+ signature...
=== Simplified SPHINCS+ Verification ===
Signature length: 16976 bytes
Message length: 32 bytes
Public key length: 32 bytes
Public key seed: 3db7001d297c0e11
Public key root: c22d2713fe59cfe9
Tree index: 77833961648611028
Leaf index: 0
FORS pk computed: b5d3473ac6755b9d
✅ Simplified SPHINCS+ verification SUCCESS (FORS signature valid)
ℹ️  Note: Hypertree path verification skipped (simplified mode)
   ✅ Signature verified successfully
2. Rebuilding transaction with current sequence...
   Current sequence: 2846330661634049
   Re-creating operations...
   Operation type: payment
   Adding contract authorization (sha256Hash preimage)...
   Contract ID bytes (hex): 20d6351dfd33ce46bf56a7c4349311092e5bffb87629eb58d1bd23ee452adf45
   Signature hint (last 4 bytes): 452adf45
   Transaction signatures before: 0
   Transaction signatures after: 1
   ✓ Contract authorization added as signature
   ✓ Signature: 32 bytes (contract ID bytes)
3. Submitting to Stellar network...
Verify and submit error: AxiosError: Request failed with status code 400
    at settle (/home/eshan/workdump/nebula-ext/relayer/node_modules/axios/dist/node/axios.cjs:2106:12)
    at IncomingMessage.handleStreamEnd (/home/eshan/workdump/nebula-ext/relayer/node_modules/axios/dist/node/axios.cjs:3491:11)
    at IncomingMessage.emit (node:events:520:35)
    at endReadableNT (node:internal/streams/readable:1701:12)
    at process.processTicksAndRejections (node:internal/process/task_queues:90:21)
    at Axios.request (/home/eshan/workdump/nebula-ext/relayer/node_modules/axios/dist/node/axios.cjs:4731:41)
    at process.processTicksAndRejections (node:internal/process/task_queues:105:5)
    at async file:///home/eshan/workdump/nebula-ext/relayer/dist/src/api.js:388:30 {
  code: 'ERR_BAD_REQUEST',
  config: {
    transitional: {
      silentJSONParsing: true,
      forcedJSONParsing: true,
      clarifyTimeoutError: false
    },
    adapter: [ 'xhr', 'http', 'fetch' ],
    transformRequest: [ [Function: transformRequest] ],
    transformResponse: [ [Function: transformResponse] ],
    timeout: 60000,
    xsrfCookieName: 'XSRF-TOKEN',
    xsrfHeaderName: 'X-XSRF-TOKEN',
    maxContentLength: -1,
    maxBodyLength: -1,
    env: { FormData: [Function], Blob: [class Blob] },
    validateStatus: [Function: validateStatus],
    headers: Object [AxiosHeaders] {
      Accept: 'application/json, text/plain, */*',
      'Content-Type': 'application/x-www-form-urlencoded',
      'X-Client-Name': 'js-stellar-sdk',
      'X-Client-Version': '12.3.0',
      'User-Agent': 'axios/1.13.2',
      'Content-Length': '305',
      'Accept-Encoding': 'gzip, compress, deflate, br'
    },
    method: 'post',
    url: 'https://horizon-testnet.stellar.org/transactions',
    data: 'tx=AAAAAgAAAADgXX2oB20VFbOMmvJ3A3QMZ0eeBAwYpbDIAh8xHsJxBAAAAGQAChy5AAAAAgAAAAEAAAAAAAAAAAAAAABpdYQoAAAAAz23AB0pfA4R2UDJfH%2BtruXCLScT%2FlnP6YCL%2BFPBEunzAAAAAQAAAAAAAAABAAAAAMVoo7co524bgTdlAL7N0nOxkj6smiUQydB6%2FPysfzbUAAAAAAAAAAAF9eEAAAAAAAAAAAFFKt9FAAAAICDWNR39M85Gv1anxDSTEQkuW%2F%2B4dinrWNG9I%2B5FKt9F',
    allowAbsoluteUrls: true
  },
  request: <ref *1> ClientRequest {
    _events: [Object: null prototype] {
      abort: [Function (anonymous)],
      aborted: [Function (anonymous)],
      connect: [Function (anonymous)],
      error: [Function (anonymous)],
      socket: [Function (anonymous)],
      timeout: [Function (anonymous)],
      finish: [Function: requestOnFinish]
    },
    _eventsCount: 7,
    _maxListeners: undefined,
    outputData: [],
    outputSize: 0,
    writable: true,
    destroyed: true,
    _last: false,
    chunkedEncoding: false,
    shouldKeepAlive: true,
    maxRequestsOnConnectionReached: false,
    _defaultKeepAlive: true,
    useChunkedEncodingByDefault: true,
    sendDate: false,
    _removedConnection: false,
    _removedContLen: false,
    _removedTE: false,
    strictContentLength: false,
    _contentLength: 305,
    _hasBody: true,
    _trailer: '',
    finished: true,
    _headerSent: true,
    _closed: true,
    _header: 'POST /transactions HTTP/1.1\r\n' +
      'Accept: application/json, text/plain, */*\r\n' +
      'Content-Type: application/x-www-form-urlencoded\r\n' +
      'X-Client-Name: js-stellar-sdk\r\n' +
      'X-Client-Version: 12.3.0\r\n' +
      'User-Agent: axios/1.13.2\r\n' +
      'Content-Length: 305\r\n' +
      'Accept-Encoding: gzip, compress, deflate, br\r\n' +
      'Host: horizon-testnet.stellar.org\r\n' +
      'Connection: keep-alive\r\n' +
      '\r\n',
    _keepAliveTimeout: 0,
    _onPendingData: [Function: nop],
    agent: Agent {
      _events: [Object: null prototype],
      _eventsCount: 2,
      _maxListeners: undefined,
      options: [Object: null prototype],
      defaultPort: 443,
      protocol: 'https:',
      requests: [Object: null prototype] {},
      sockets: [Object: null prototype] {},
      freeSockets: [Object: null prototype],
      keepAliveMsecs: 1000,
      keepAlive: true,
      maxSockets: Infinity,
      maxFreeSockets: 256,
      scheduling: 'lifo',
      maxTotalSockets: Infinity,
      totalSocketCount: 2,
      agentKeepAliveTimeoutBuffer: 1000,
      maxCachedSessions: 100,
      _sessionCache: [Object],
      Symbol(shapeMode): false,
      Symbol(kCapture): false
    },
    socketPath: undefined,
    method: 'POST',
    maxHeaderSize: undefined,
    insecureHTTPParser: undefined,
    joinDuplicateHeaders: undefined,
    path: '/transactions',
    _ended: true,
    res: IncomingMessage {
      _events: [Object],
      _readableState: [ReadableState],
      _maxListeners: undefined,
      socket: null,
      httpVersionMajor: 1,
      httpVersionMinor: 1,
      httpVersion: '1.1',
      complete: true,
      rawHeaders: [Array],
      rawTrailers: [],
      joinDuplicateHeaders: undefined,
      aborted: false,
      upgrade: false,
      url: '',
      method: null,
      statusCode: 400,
      statusMessage: 'Bad Request',
      client: [TLSSocket],
      _consuming: false,
      _dumped: false,
      req: [Circular *1],
      _eventsCount: 4,
      responseUrl: 'https://horizon-testnet.stellar.org/transactions',
      redirects: [],
      Symbol(shapeMode): true,
      Symbol(kCapture): false,
      Symbol(kHeaders): [Object],
      Symbol(kHeadersCount): 12,
      Symbol(kTrailers): null,
      Symbol(kTrailersCount): 0
    },
    aborted: false,
    timeoutCb: null,
    upgradeOrConnect: false,
    parser: null,
    maxHeadersCount: null,
    reusedSocket: true,
    host: 'horizon-testnet.stellar.org',
    protocol: 'https:',
    _redirectable: Writable {
      _events: [Object],
      _writableState: [WritableState],
      _maxListeners: undefined,
      _options: [Object],
      _ended: true,
      _ending: true,
      _redirectCount: 0,
      _redirects: [],
      _requestBodyLength: 305,
      _requestBodyBuffers: [],
      _eventsCount: 3,
      _onNativeResponse: [Function (anonymous)],
      _currentRequest: [Circular *1],
      _currentUrl: 'https://horizon-testnet.stellar.org/transactions',
      _timeout: null,
      Symbol(shapeMode): true,
      Symbol(kCapture): false
    },
    Symbol(shapeMode): false,
    Symbol(kCapture): false,
    Symbol(kBytesWritten): 0,
    Symbol(kNeedDrain): false,
    Symbol(corked): 0,
    Symbol(kChunkedBuffer): [],
    Symbol(kChunkedLength): 0,
    Symbol(kSocket): TLSSocket {
      _tlsOptions: [Object],
      _secureEstablished: true,
      _securePending: false,
      _newSessionPending: false,
      _controlReleased: true,
      secureConnecting: false,
      _SNICallback: null,
      servername: 'horizon-testnet.stellar.org',
      alpnProtocol: false,
      authorized: true,
      authorizationError: null,
      encrypted: true,
      _events: [Object: null prototype],
      _eventsCount: 9,
      connecting: false,
      _hadError: false,
      _parent: null,
      _host: 'horizon-testnet.stellar.org',
      _closeAfterHandlingError: false,
      _readableState: [ReadableState],
      _writableState: [WritableState],
      allowHalfOpen: false,
      _maxListeners: undefined,
      _sockname: null,
      _pendingData: null,
      _pendingEncoding: '',
      server: undefined,
      _server: null,
      ssl: null,
      _requestCert: true,
      _rejectUnauthorized: true,
      timeout: 5000,
      parser: null,
      _httpMessage: null,
      autoSelectFamilyAttemptedAddresses: [Array],
      handle: [TLSWrap],
      Symbol(alpncallback): null,
      Symbol(res): [TLSWrap],
      Symbol(verified): true,
      Symbol(pendingSession): null,
      Symbol(async_id_symbol): -1,
      Symbol(kHandle): [TLSWrap],
      Symbol(lastWriteQueueSize): 0,
      Symbol(timeout): Timeout {
        _idleTimeout: 5000,
        _idlePrev: [TimersList],
        _idleNext: [Timeout],
        _idleStart: 160130,
        _onTimeout: [Function: bound ],
        _timerArgs: undefined,
        _repeat: null,
        _destroyed: false,
        Symbol(refed): false,
        Symbol(kHasPrimitive): false,
        Symbol(asyncId): 1189,
        Symbol(triggerId): 1187,
        Symbol(kAsyncContextFrame): undefined
      },
      Symbol(kBuffer): null,
      Symbol(kBufferCb): null,
      Symbol(kBufferGen): null,
      Symbol(shapeMode): true,
      Symbol(kCapture): false,
      Symbol(kSetNoDelay): false,
      Symbol(kSetKeepAlive): true,
      Symbol(kSetKeepAliveInitialDelay): 1,
      Symbol(kBytesRead): 0,
      Symbol(kBytesWritten): 0,
      Symbol(connect-options): [Object]
    },
    Symbol(kOutHeaders): [Object: null prototype] {
      accept: [Array],
      'content-type': [Array],
      'x-client-name': [Array],
      'x-client-version': [Array],
      'user-agent': [Array],
      'content-length': [Array],
      'accept-encoding': [Array],
      host: [Array]
    },
    Symbol(errored): null,
    Symbol(kHighWaterMark): 65536,
    Symbol(kRejectNonStandardBodyWrites): false,
    Symbol(kUniqueHeaders): null
  },
  response: {
    status: 400,
    statusText: 'Bad Request',
    headers: Object [AxiosHeaders] {
      date: 'Sun, 25 Jan 2026 02:46:34 GMT',
      'content-type': 'application/problem+json; charset=utf-8',
      'content-length': '852',
      connection: 'keep-alive',
      'cache-control': 'no-cache, no-store, max-age=0',
      vary: 'Origin'
    },
    config: {
      transitional: [Object],
      adapter: [Array],
      transformRequest: [Array],
      transformResponse: [Array],
      timeout: 60000,
      xsrfCookieName: 'XSRF-TOKEN',
      xsrfHeaderName: 'X-XSRF-TOKEN',
      maxContentLength: -1,
      maxBodyLength: -1,
      env: [Object],
      validateStatus: [Function: validateStatus],
      headers: [Object [AxiosHeaders]],
      method: 'post',
      url: 'https://horizon-testnet.stellar.org/transactions',
      data: 'tx=AAAAAgAAAADgXX2oB20VFbOMmvJ3A3QMZ0eeBAwYpbDIAh8xHsJxBAAAAGQAChy5AAAAAgAAAAEAAAAAAAAAAAAAAABpdYQoAAAAAz23AB0pfA4R2UDJfH%2BtruXCLScT%2FlnP6YCL%2BFPBEunzAAAAAQAAAAAAAAABAAAAAMVoo7co524bgTdlAL7N0nOxkj6smiUQydB6%2FPysfzbUAAAAAAAAAAAF9eEAAAAAAAAAAAFFKt9FAAAAICDWNR39M85Gv1anxDSTEQkuW%2F%2B4dinrWNG9I%2B5FKt9F',
      allowAbsoluteUrls: true
    },
    request: <ref *1> ClientRequest {
      _events: [Object: null prototype],
      _eventsCount: 7,
      _maxListeners: undefined,
      outputData: [],
      outputSize: 0,
      writable: true,
      destroyed: true,
      _last: false,
      chunkedEncoding: false,
      shouldKeepAlive: true,
      maxRequestsOnConnectionReached: false,
      _defaultKeepAlive: true,
      useChunkedEncodingByDefault: true,
      sendDate: false,
      _removedConnection: false,
      _removedContLen: false,
      _removedTE: false,
      strictContentLength: false,
      _contentLength: 305,
      _hasBody: true,
      _trailer: '',
      finished: true,
      _headerSent: true,
      _closed: true,
      _header: 'POST /transactions HTTP/1.1\r\n' +
        'Accept: application/json, text/plain, */*\r\n' +
        'Content-Type: application/x-www-form-urlencoded\r\n' +
        'X-Client-Name: js-stellar-sdk\r\n' +
        'X-Client-Version: 12.3.0\r\n' +
        'User-Agent: axios/1.13.2\r\n' +
        'Content-Length: 305\r\n' +
        'Accept-Encoding: gzip, compress, deflate, br\r\n' +
        'Host: horizon-testnet.stellar.org\r\n' +
        'Connection: keep-alive\r\n' +
        '\r\n',
      _keepAliveTimeout: 0,
      _onPendingData: [Function: nop],
      agent: [Agent],
      socketPath: undefined,
      method: 'POST',
      maxHeaderSize: undefined,
      insecureHTTPParser: undefined,
      joinDuplicateHeaders: undefined,
      path: '/transactions',
      _ended: true,
      res: [IncomingMessage],
      aborted: false,
      timeoutCb: null,
      upgradeOrConnect: false,
      parser: null,
      maxHeadersCount: null,
      reusedSocket: true,
      host: 'horizon-testnet.stellar.org',
      protocol: 'https:',
      _redirectable: [Writable],
      Symbol(shapeMode): false,
      Symbol(kCapture): false,
      Symbol(kBytesWritten): 0,
      Symbol(kNeedDrain): false,
      Symbol(corked): 0,
      Symbol(kChunkedBuffer): [],
      Symbol(kChunkedLength): 0,
      Symbol(kSocket): [TLSSocket],
      Symbol(kOutHeaders): [Object: null prototype],
      Symbol(errored): null,
      Symbol(kHighWaterMark): 65536,
      Symbol(kRejectNonStandardBodyWrites): false,
      Symbol(kUniqueHeaders): null
    },
    data: {
      type: 'https://stellar.org/horizon-errors/transaction_failed',
      title: 'Transaction Failed',
      status: 400,
      detail: 'The transaction failed when submitted to the stellar network. The `extras.result_codes` field on this response contains further details.  Descriptions of each code can be found at: https://developers.stellar.org/api/errors/http-status-codes/horizon-specific/transaction-failed/',
      extras: [Object]
    }
  },
  status: 400
}
Horizon error codes: { transaction: 'tx_bad_auth' }
=== Direct Verify and Submit Request ===
Stellar Address: GDLH4OW4JHMNMTXKDPEPMOHVE6O47EDS37LEBPKYCYG3KJJ7VXM3SHFK
Tx Hash: a7ca4bd7febdaefd03f4529ee9075d049cfc33a37ca8e28f710dc095b65bc6d5
Tx XDR length: 236
Signature length: 22636
Signature bytes length: 16976
Found SPHINCS+ public key in memo ( 32 bytes)
1. Verifying SPHINCS+ signature...
=== Simplified SPHINCS+ Verification ===
Signature length: 16976 bytes
Message length: 32 bytes
Public key length: 32 bytes
Public key seed: 593e6fe566ed4809
Public key root: d2c22f87a8873316
Tree index: 5836178748628443
Leaf index: 0
FORS pk computed: 83df99a3ea51759f
✅ Simplified SPHINCS+ verification SUCCESS (FORS signature valid)
ℹ️  Note: Hypertree path verification skipped (simplified mode)
   ✅ Signature verified successfully
2. Rebuilding transaction with current sequence...
   Current sequence: 2846536820064257
   Re-creating operations...
   Operation type: payment
   Adding contract authorization (sha256Hash preimage)...
   Contract ID bytes (hex): 20d6351dfd33ce46bf56a7c4349311092e5bffb87629eb58d1bd23ee452adf45
   Signature hint (last 4 bytes): 452adf45
   Transaction signatures before: 0
   Transaction signatures after: 1
   ✓ Contract authorization added as signature
   ✓ Signature: 32 bytes (contract ID bytes)
3. Submitting to Stellar network...
Verify and submit error: AxiosError: Request failed with status code 400
    at settle (/home/eshan/workdump/nebula-ext/relayer/node_modules/axios/dist/node/axios.cjs:2106:12)
    at IncomingMessage.handleStreamEnd (/home/eshan/workdump/nebula-ext/relayer/node_modules/axios/dist/node/axios.cjs:3491:11)
    at IncomingMessage.emit (node:events:520:35)
    at endReadableNT (node:internal/streams/readable:1701:12)
    at process.processTicksAndRejections (node:internal/process/task_queues:90:21)
    at Axios.request (/home/eshan/workdump/nebula-ext/relayer/node_modules/axios/dist/node/axios.cjs:4731:41)
    at process.processTicksAndRejections (node:internal/process/task_queues:105:5)
    at async file:///home/eshan/workdump/nebula-ext/relayer/dist/src/api.js:388:30 {
  code: 'ERR_BAD_REQUEST',
  config: {
    transitional: {
      silentJSONParsing: true,
      forcedJSONParsing: true,
      clarifyTimeoutError: false
    },
    adapter: [ 'xhr', 'http', 'fetch' ],
    transformRequest: [ [Function: transformRequest] ],
    transformResponse: [ [Function: transformResponse] ],
    timeout: 60000,
    xsrfCookieName: 'XSRF-TOKEN',
    xsrfHeaderName: 'X-XSRF-TOKEN',
    maxContentLength: -1,
    maxBodyLength: -1,
    env: { FormData: [Function], Blob: [class Blob] },
    validateStatus: [Function: validateStatus],
    headers: Object [AxiosHeaders] {
      Accept: 'application/json, text/plain, */*',
      'Content-Type': 'application/x-www-form-urlencoded',
      'X-Client-Name': 'js-stellar-sdk',
      'X-Client-Version': '12.3.0',
      'User-Agent': 'axios/1.13.2',
      'Content-Length': '305',
      'Accept-Encoding': 'gzip, compress, deflate, br'
    },
    method: 'post',
    url: 'https://horizon-testnet.stellar.org/transactions',
    data: 'tx=AAAAAgAAAADWfjrcSdjWTuobyPY49Sedz5By39ZAvVgWDbUlP63ZuQAAAGQAChzpAAAAAgAAAAEAAAAAAAAAAAAAAABpdYYnAAAAA1k%2Bb%2BVm7UgJP1ayN3vi0czSwi%2BHqIczFvEn5tOYDIs7AAAAAQAAAAAAAAABAAAAAMVoo7co524bgTdlAL7N0nOxkj6smiUQydB6%2FPysfzbUAAAAAAAAAAAF9eEAAAAAAAAAAAFFKt9FAAAAICDWNR39M85Gv1anxDSTEQkuW%2F%2B4dinrWNG9I%2B5FKt9F',
    allowAbsoluteUrls: true
  },
  request: <ref *1> ClientRequest {
    _events: [Object: null prototype] {
      abort: [Function (anonymous)],
      aborted: [Function (anonymous)],
      connect: [Function (anonymous)],
      error: [Function (anonymous)],
      socket: [Function (anonymous)],
      timeout: [Function (anonymous)],
      finish: [Function: requestOnFinish]
    },
    _eventsCount: 7,
    _maxListeners: undefined,
    outputData: [],
    outputSize: 0,
    writable: true,
    destroyed: true,
    _last: false,
    chunkedEncoding: false,
    shouldKeepAlive: true,
    maxRequestsOnConnectionReached: false,
    _defaultKeepAlive: true,
    useChunkedEncodingByDefault: true,
    sendDate: false,
    _removedConnection: false,
    _removedContLen: false,
    _removedTE: false,
    strictContentLength: false,
    _contentLength: 305,
    _hasBody: true,
    _trailer: '',
    finished: true,
    _headerSent: true,
    _closed: true,
    _header: 'POST /transactions HTTP/1.1\r\n' +
      'Accept: application/json, text/plain, */*\r\n' +
      'Content-Type: application/x-www-form-urlencoded\r\n' +
      'X-Client-Name: js-stellar-sdk\r\n' +
      'X-Client-Version: 12.3.0\r\n' +
      'User-Agent: axios/1.13.2\r\n' +
      'Content-Length: 305\r\n' +
      'Accept-Encoding: gzip, compress, deflate, br\r\n' +
      'Host: horizon-testnet.stellar.org\r\n' +
      'Connection: keep-alive\r\n' +
      '\r\n',
    _keepAliveTimeout: 0,
    _onPendingData: [Function: nop],
    agent: Agent {
      _events: [Object: null prototype],
      _eventsCount: 2,
      _maxListeners: undefined,
      options: [Object: null prototype],
      defaultPort: 443,
      protocol: 'https:',
      requests: [Object: null prototype] {},
      sockets: [Object: null prototype] {},
      freeSockets: [Object: null prototype],
      keepAliveMsecs: 1000,
      keepAlive: true,
      maxSockets: Infinity,
      maxFreeSockets: 256,
      scheduling: 'lifo',
      maxTotalSockets: Infinity,
      totalSocketCount: 2,
      agentKeepAliveTimeoutBuffer: 1000,
      maxCachedSessions: 100,
      _sessionCache: [Object],
      Symbol(shapeMode): false,
      Symbol(kCapture): false
    },
    socketPath: undefined,
    method: 'POST',
    maxHeaderSize: undefined,
    insecureHTTPParser: undefined,
    joinDuplicateHeaders: undefined,
    path: '/transactions',
    _ended: true,
    res: IncomingMessage {
      _events: [Object],
      _readableState: [ReadableState],
      _maxListeners: undefined,
      socket: null,
      httpVersionMajor: 1,
      httpVersionMinor: 1,
      httpVersion: '1.1',
      complete: true,
      rawHeaders: [Array],
      rawTrailers: [],
      joinDuplicateHeaders: undefined,
      aborted: false,
      upgrade: false,
      url: '',
      method: null,
      statusCode: 400,
      statusMessage: 'Bad Request',
      client: [TLSSocket],
      _consuming: false,
      _dumped: false,
      req: [Circular *1],
      _eventsCount: 4,
      responseUrl: 'https://horizon-testnet.stellar.org/transactions',
      redirects: [],
      Symbol(shapeMode): true,
      Symbol(kCapture): false,
      Symbol(kHeaders): [Object],
      Symbol(kHeadersCount): 12,
      Symbol(kTrailers): null,
      Symbol(kTrailersCount): 0
    },
    aborted: false,
    timeoutCb: null,
    upgradeOrConnect: false,
    parser: null,
    maxHeadersCount: null,
    reusedSocket: true,
    host: 'horizon-testnet.stellar.org',
    protocol: 'https:',
    _redirectable: Writable {
      _events: [Object],
      _writableState: [WritableState],
      _maxListeners: undefined,
      _options: [Object],
      _ended: true,
      _ending: true,
      _redirectCount: 0,
      _redirects: [],
      _requestBodyLength: 305,
      _requestBodyBuffers: [],
      _eventsCount: 3,
      _onNativeResponse: [Function (anonymous)],
      _currentRequest: [Circular *1],
      _currentUrl: 'https://horizon-testnet.stellar.org/transactions',
      _timeout: null,
      Symbol(shapeMode): true,
      Symbol(kCapture): false
    },
    Symbol(shapeMode): false,
    Symbol(kCapture): false,
    Symbol(kBytesWritten): 0,
    Symbol(kNeedDrain): false,
    Symbol(corked): 0,
    Symbol(kChunkedBuffer): [],
    Symbol(kChunkedLength): 0,
    Symbol(kSocket): TLSSocket {
      _tlsOptions: [Object],
      _secureEstablished: true,
      _securePending: false,
      _newSessionPending: false,
      _controlReleased: true,
      secureConnecting: false,
      _SNICallback: null,
      servername: 'horizon-testnet.stellar.org',
      alpnProtocol: false,
      authorized: true,
      authorizationError: null,
      encrypted: true,
      _events: [Object: null prototype],
      _eventsCount: 9,
      connecting: false,
      _hadError: false,
      _parent: null,
      _host: 'horizon-testnet.stellar.org',
      _closeAfterHandlingError: false,
      _readableState: [ReadableState],
      _writableState: [WritableState],
      allowHalfOpen: false,
      _maxListeners: undefined,
      _sockname: null,
      _pendingData: null,
      _pendingEncoding: '',
      server: undefined,
      _server: null,
      ssl: null,
      _requestCert: true,
      _rejectUnauthorized: true,
      timeout: 5000,
      parser: null,
      _httpMessage: null,
      autoSelectFamilyAttemptedAddresses: [Array],
      handle: [TLSWrap],
      Symbol(alpncallback): null,
      Symbol(res): [TLSWrap],
      Symbol(verified): true,
      Symbol(pendingSession): null,
      Symbol(async_id_symbol): -1,
      Symbol(kHandle): [TLSWrap],
      Symbol(lastWriteQueueSize): 0,
      Symbol(timeout): Timeout {
        _idleTimeout: 5000,
        _idlePrev: [TimersList],
        _idleNext: [Timeout],
        _idleStart: 670701,
        _onTimeout: [Function: bound ],
        _timerArgs: undefined,
        _repeat: null,
        _destroyed: false,
        Symbol(refed): false,
        Symbol(kHasPrimitive): false,
        Symbol(asyncId): 4398,
        Symbol(triggerId): 4396,
        Symbol(kAsyncContextFrame): undefined
      },
      Symbol(kBuffer): null,
      Symbol(kBufferCb): null,
      Symbol(kBufferGen): null,
      Symbol(shapeMode): true,
      Symbol(kCapture): false,
      Symbol(kSetNoDelay): false,
      Symbol(kSetKeepAlive): true,
      Symbol(kSetKeepAliveInitialDelay): 1,
      Symbol(kBytesRead): 0,
      Symbol(kBytesWritten): 0,
      Symbol(connect-options): [Object]
    },
    Symbol(kOutHeaders): [Object: null prototype] {
      accept: [Array],
      'content-type': [Array],
      'x-client-name': [Array],
      'x-client-version': [Array],
      'user-agent': [Array],
      'content-length': [Array],
      'accept-encoding': [Array],
      host: [Array]
    },
    Symbol(errored): null,
    Symbol(kHighWaterMark): 65536,
    Symbol(kRejectNonStandardBodyWrites): false,
    Symbol(kUniqueHeaders): null
  },
  response: {
    status: 400,
    statusText: 'Bad Request',
    headers: Object [AxiosHeaders] {
      date: 'Sun, 25 Jan 2026 02:55:05 GMT',
      'content-type': 'application/problem+json; charset=utf-8',
      'content-length': '852',
      connection: 'keep-alive',
      'cache-control': 'no-cache, no-store, max-age=0',
      vary: 'Origin'
    },
    config: {
      transitional: [Object],
      adapter: [Array],
      transformRequest: [Array],
      transformResponse: [Array],
      timeout: 60000,
      xsrfCookieName: 'XSRF-TOKEN',
      xsrfHeaderName: 'X-XSRF-TOKEN',
      maxContentLength: -1,
      maxBodyLength: -1,
      env: [Object],
      validateStatus: [Function: validateStatus],
      headers: [Object [AxiosHeaders]],
      method: 'post',
      url: 'https://horizon-testnet.stellar.org/transactions',
      data: 'tx=AAAAAgAAAADWfjrcSdjWTuobyPY49Sedz5By39ZAvVgWDbUlP63ZuQAAAGQAChzpAAAAAgAAAAEAAAAAAAAAAAAAAABpdYYnAAAAA1k%2Bb%2BVm7UgJP1ayN3vi0czSwi%2BHqIczFvEn5tOYDIs7AAAAAQAAAAAAAAABAAAAAMVoo7co524bgTdlAL7N0nOxkj6smiUQydB6%2FPysfzbUAAAAAAAAAAAF9eEAAAAAAAAAAAFFKt9FAAAAICDWNR39M85Gv1anxDSTEQkuW%2F%2B4dinrWNG9I%2B5FKt9F',
      allowAbsoluteUrls: true
    },
    request: <ref *1> ClientRequest {
      _events: [Object: null prototype],
      _eventsCount: 7,
      _maxListeners: undefined,
      outputData: [],
      outputSize: 0,
      writable: true,
      destroyed: true,
      _last: false,
      chunkedEncoding: false,
      shouldKeepAlive: true,
      maxRequestsOnConnectionReached: false,
      _defaultKeepAlive: true,
      useChunkedEncodingByDefault: true,
      sendDate: false,
      _removedConnection: false,
      _removedContLen: false,
      _removedTE: false,
      strictContentLength: false,
      _contentLength: 305,
      _hasBody: true,
      _trailer: '',
      finished: true,
      _headerSent: true,
      _closed: true,
      _header: 'POST /transactions HTTP/1.1\r\n' +
        'Accept: application/json, text/plain, */*\r\n' +
        'Content-Type: application/x-www-form-urlencoded\r\n' +
        'X-Client-Name: js-stellar-sdk\r\n' +
        'X-Client-Version: 12.3.0\r\n' +
        'User-Agent: axios/1.13.2\r\n' +
        'Content-Length: 305\r\n' +
        'Accept-Encoding: gzip, compress, deflate, br\r\n' +
        'Host: horizon-testnet.stellar.org\r\n' +
        'Connection: keep-alive\r\n' +
        '\r\n',
      _keepAliveTimeout: 0,
      _onPendingData: [Function: nop],
      agent: [Agent],
      socketPath: undefined,
      method: 'POST',
      maxHeaderSize: undefined,
      insecureHTTPParser: undefined,
      joinDuplicateHeaders: undefined,
      path: '/transactions',
      _ended: true,
      res: [IncomingMessage],
      aborted: false,
      timeoutCb: null,
      upgradeOrConnect: false,
      parser: null,
      maxHeadersCount: null,
      reusedSocket: true,
      host: 'horizon-testnet.stellar.org',
      protocol: 'https:',
      _redirectable: [Writable],
      Symbol(shapeMode): false,
      Symbol(kCapture): false,
      Symbol(kBytesWritten): 0,
      Symbol(kNeedDrain): false,
      Symbol(corked): 0,
      Symbol(kChunkedBuffer): [],
      Symbol(kChunkedLength): 0,
      Symbol(kSocket): [TLSSocket],
      Symbol(kOutHeaders): [Object: null prototype],
      Symbol(errored): null,
      Symbol(kHighWaterMark): 65536,
      Symbol(kRejectNonStandardBodyWrites): false,
      Symbol(kUniqueHeaders): null
    },
    data: {
      type: 'https://stellar.org/horizon-errors/transaction_failed',
      title: 'Transaction Failed',
      status: 400,
      detail: 'The transaction failed when submitted to the stellar network. The `extras.result_codes` field on this response contains further details.  Descriptions of each code can be found at: https://developers.stellar.org/api/errors/http-status-codes/horizon-specific/transaction-failed/',
      extras: [Object]
    }
  },
  status: 400
}
Horizon error codes: { transaction: 'tx_bad_auth' }
=== Direct Verify and Submit Request ===
Stellar Address: GDLH4OW4JHMNMTXKDPEPMOHVE6O47EDS37LEBPKYCYG3KJJ7VXM3SHFK
Tx Hash: 4d45a1aaab4a86352e2d56d3ba068c2e1bda13682ba36ec219316efe1035a616
Tx XDR length: 236
Signature length: 22636
Signature bytes length: 16976
Found SPHINCS+ public key in memo ( 32 bytes)
1. Verifying SPHINCS+ signature...
=== Simplified SPHINCS+ Verification ===
Signature length: 16976 bytes
Message length: 32 bytes
Public key length: 32 bytes
Public key seed: 593e6fe566ed4809
Public key root: d2c22f87a8873316
Tree index: 120552945483842432
Leaf index: 0
FORS pk computed: b0cce779aa406185
✅ Simplified SPHINCS+ verification SUCCESS (FORS signature valid)
ℹ️  Note: Hypertree path verification skipped (simplified mode)
   ✅ Signature verified successfully
2. Rebuilding transaction with current sequence...
   Current sequence: 2846536820064257
   Re-creating operations...
   Operation type: payment
   Adding contract authorization (sha256Hash preimage)...
   Contract ID bytes (hex): 20d6351dfd33ce46bf56a7c4349311092e5bffb87629eb58d1bd23ee452adf45
   Signature hint (last 4 bytes): 452adf45
   Transaction signatures before: 0
   Transaction signatures after: 1
   ✓ Contract authorization added as signature
   ✓ Signature: 32 bytes (contract ID bytes)
3. Submitting to Stellar network...
Verify and submit error: AxiosError: Request failed with status code 400
    at settle (/home/eshan/workdump/nebula-ext/relayer/node_modules/axios/dist/node/axios.cjs:2106:12)
    at IncomingMessage.handleStreamEnd (/home/eshan/workdump/nebula-ext/relayer/node_modules/axios/dist/node/axios.cjs:3491:11)
    at IncomingMessage.emit (node:events:520:35)
    at endReadableNT (node:internal/streams/readable:1701:12)
    at process.processTicksAndRejections (node:internal/process/task_queues:90:21)
    at Axios.request (/home/eshan/workdump/nebula-ext/relayer/node_modules/axios/dist/node/axios.cjs:4731:41)
    at process.processTicksAndRejections (node:internal/process/task_queues:105:5)
    at async file:///home/eshan/workdump/nebula-ext/relayer/dist/src/api.js:388:30 {
  code: 'ERR_BAD_REQUEST',
  config: {
    transitional: {
      silentJSONParsing: true,
      forcedJSONParsing: true,
      clarifyTimeoutError: false
    },
    adapter: [ 'xhr', 'http', 'fetch' ],
    transformRequest: [ [Function: transformRequest] ],
    transformResponse: [ [Function: transformResponse] ],
    timeout: 60000,
    xsrfCookieName: 'XSRF-TOKEN',
    xsrfHeaderName: 'X-XSRF-TOKEN',
    maxContentLength: -1,
    maxBodyLength: -1,
    env: { FormData: [Function], Blob: [class Blob] },
    validateStatus: [Function: validateStatus],
    headers: Object [AxiosHeaders] {
      Accept: 'application/json, text/plain, */*',
      'Content-Type': 'application/x-www-form-urlencoded',
      'X-Client-Name': 'js-stellar-sdk',
      'X-Client-Version': '12.3.0',
      'User-Agent': 'axios/1.13.2',
      'Content-Length': '305',
      'Accept-Encoding': 'gzip, compress, deflate, br'
    },
    method: 'post',
    url: 'https://horizon-testnet.stellar.org/transactions',
    data: 'tx=AAAAAgAAAADWfjrcSdjWTuobyPY49Sedz5By39ZAvVgWDbUlP63ZuQAAAGQAChzpAAAAAgAAAAEAAAAAAAAAAAAAAABpdYZwAAAAA1k%2Bb%2BVm7UgJP1ayN3vi0czSwi%2BHqIczFvEn5tOYDIs7AAAAAQAAAAAAAAABAAAAAMVoo7co524bgTdlAL7N0nOxkj6smiUQydB6%2FPysfzbUAAAAAAAAAAAF9eEAAAAAAAAAAAFFKt9FAAAAICDWNR39M85Gv1anxDSTEQkuW%2F%2B4dinrWNG9I%2B5FKt9F',
    allowAbsoluteUrls: true
  },
  request: <ref *1> ClientRequest {
    _events: [Object: null prototype] {
      abort: [Function (anonymous)],
      aborted: [Function (anonymous)],
      connect: [Function (anonymous)],
      error: [Function (anonymous)],
      socket: [Function (anonymous)],
      timeout: [Function (anonymous)],
      finish: [Function: requestOnFinish]
    },
    _eventsCount: 7,
    _maxListeners: undefined,
    outputData: [],
    outputSize: 0,
    writable: true,
    destroyed: true,
    _last: false,
    chunkedEncoding: false,
    shouldKeepAlive: true,
    maxRequestsOnConnectionReached: false,
    _defaultKeepAlive: true,
    useChunkedEncodingByDefault: true,
    sendDate: false,
    _removedConnection: false,
    _removedContLen: false,
    _removedTE: false,
    strictContentLength: false,
    _contentLength: 305,
    _hasBody: true,
    _trailer: '',
    finished: true,
    _headerSent: true,
    _closed: true,
    _header: 'POST /transactions HTTP/1.1\r\n' +
      'Accept: application/json, text/plain, */*\r\n' +
      'Content-Type: application/x-www-form-urlencoded\r\n' +
      'X-Client-Name: js-stellar-sdk\r\n' +
      'X-Client-Version: 12.3.0\r\n' +
      'User-Agent: axios/1.13.2\r\n' +
      'Content-Length: 305\r\n' +
      'Accept-Encoding: gzip, compress, deflate, br\r\n' +
      'Host: horizon-testnet.stellar.org\r\n' +
      'Connection: keep-alive\r\n' +
      '\r\n',
    _keepAliveTimeout: 0,
    _onPendingData: [Function: nop],
    agent: Agent {
      _events: [Object: null prototype],
      _eventsCount: 2,
      _maxListeners: undefined,
      options: [Object: null prototype],
      defaultPort: 443,
      protocol: 'https:',
      requests: [Object: null prototype] {},
      sockets: [Object: null prototype] {},
      freeSockets: [Object: null prototype],
      keepAliveMsecs: 1000,
      keepAlive: true,
      maxSockets: Infinity,
      maxFreeSockets: 256,
      scheduling: 'lifo',
      maxTotalSockets: Infinity,
      totalSocketCount: 2,
      agentKeepAliveTimeoutBuffer: 1000,
      maxCachedSessions: 100,
      _sessionCache: [Object],
      Symbol(shapeMode): false,
      Symbol(kCapture): false
    },
    socketPath: undefined,
    method: 'POST',
    maxHeaderSize: undefined,
    insecureHTTPParser: undefined,
    joinDuplicateHeaders: undefined,
    path: '/transactions',
    _ended: true,
    res: IncomingMessage {
      _events: [Object],
      _readableState: [ReadableState],
      _maxListeners: undefined,
      socket: null,
      httpVersionMajor: 1,
      httpVersionMinor: 1,
      httpVersion: '1.1',
      complete: true,
      rawHeaders: [Array],
      rawTrailers: [],
      joinDuplicateHeaders: undefined,
      aborted: false,
      upgrade: false,
      url: '',
      method: null,
      statusCode: 400,
      statusMessage: 'Bad Request',
      client: [TLSSocket],
      _consuming: false,
      _dumped: false,
      req: [Circular *1],
      _eventsCount: 4,
      responseUrl: 'https://horizon-testnet.stellar.org/transactions',
      redirects: [],
      Symbol(shapeMode): true,
      Symbol(kCapture): false,
      Symbol(kHeaders): [Object],
      Symbol(kHeadersCount): 12,
      Symbol(kTrailers): null,
      Symbol(kTrailersCount): 0
    },
    aborted: false,
    timeoutCb: null,
    upgradeOrConnect: false,
    parser: null,
    maxHeadersCount: null,
    reusedSocket: true,
    host: 'horizon-testnet.stellar.org',
    protocol: 'https:',
    _redirectable: Writable {
      _events: [Object],
      _writableState: [WritableState],
      _maxListeners: undefined,
      _options: [Object],
      _ended: true,
      _ending: true,
      _redirectCount: 0,
      _redirects: [],
      _requestBodyLength: 305,
      _requestBodyBuffers: [],
      _eventsCount: 3,
      _onNativeResponse: [Function (anonymous)],
      _currentRequest: [Circular *1],
      _currentUrl: 'https://horizon-testnet.stellar.org/transactions',
      _timeout: null,
      Symbol(shapeMode): true,
      Symbol(kCapture): false
    },
    Symbol(shapeMode): false,
    Symbol(kCapture): false,
    Symbol(kBytesWritten): 0,
    Symbol(kNeedDrain): false,
    Symbol(corked): 0,
    Symbol(kChunkedBuffer): [],
    Symbol(kChunkedLength): 0,
    Symbol(kSocket): TLSSocket {
      _tlsOptions: [Object],
      _secureEstablished: true,
      _securePending: false,
      _newSessionPending: false,
      _controlReleased: true,
      secureConnecting: false,
      _SNICallback: null,
      servername: 'horizon-testnet.stellar.org',
      alpnProtocol: false,
      authorized: true,
      authorizationError: null,
      encrypted: true,
      _events: [Object: null prototype],
      _eventsCount: 9,
      connecting: false,
      _hadError: false,
      _parent: null,
      _host: 'horizon-testnet.stellar.org',
      _closeAfterHandlingError: false,
      _readableState: [ReadableState],
      _writableState: [WritableState],
      allowHalfOpen: false,
      _maxListeners: undefined,
      _sockname: null,
      _pendingData: null,
      _pendingEncoding: '',
      server: undefined,
      _server: null,
      ssl: null,
      _requestCert: true,
      _rejectUnauthorized: true,
      timeout: 5000,
      parser: null,
      _httpMessage: null,
      autoSelectFamilyAttemptedAddresses: [Array],
      handle: [TLSWrap],
      Symbol(alpncallback): null,
      Symbol(res): [TLSWrap],
      Symbol(verified): true,
      Symbol(pendingSession): null,
      Symbol(async_id_symbol): -1,
      Symbol(kHandle): [TLSWrap],
      Symbol(lastWriteQueueSize): 0,
      Symbol(timeout): Timeout {
        _idleTimeout: 5000,
        _idlePrev: [TimersList],
        _idleNext: [Timeout],
        _idleStart: 743784,
        _onTimeout: [Function: bound ],
        _timerArgs: undefined,
        _repeat: null,
        _destroyed: false,
        Symbol(refed): false,
        Symbol(kHasPrimitive): false,
        Symbol(asyncId): 4921,
        Symbol(triggerId): 4919,
        Symbol(kAsyncContextFrame): undefined
      },
      Symbol(kBuffer): null,
      Symbol(kBufferCb): null,
      Symbol(kBufferGen): null,
      Symbol(shapeMode): true,
      Symbol(kCapture): false,
      Symbol(kSetNoDelay): false,
      Symbol(kSetKeepAlive): true,
      Symbol(kSetKeepAliveInitialDelay): 1,
      Symbol(kBytesRead): 0,
      Symbol(kBytesWritten): 0,
      Symbol(connect-options): [Object]
    },
    Symbol(kOutHeaders): [Object: null prototype] {
      accept: [Array],
      'content-type': [Array],
      'x-client-name': [Array],
      'x-client-version': [Array],
      'user-agent': [Array],
      'content-length': [Array],
      'accept-encoding': [Array],
      host: [Array]
    },
    Symbol(errored): null,
    Symbol(kHighWaterMark): 65536,
    Symbol(kRejectNonStandardBodyWrites): false,
    Symbol(kUniqueHeaders): null
  },
  response: {
    status: 400,
    statusText: 'Bad Request',
    headers: Object [AxiosHeaders] {
      date: 'Sun, 25 Jan 2026 02:56:18 GMT',
      'content-type': 'application/problem+json; charset=utf-8',
      'content-length': '852',
      connection: 'keep-alive',
      'cache-control': 'no-cache, no-store, max-age=0',
      vary: 'Origin'
    },
    config: {
      transitional: [Object],
      adapter: [Array],
      transformRequest: [Array],
      transformResponse: [Array],
      timeout: 60000,
      xsrfCookieName: 'XSRF-TOKEN',
      xsrfHeaderName: 'X-XSRF-TOKEN',
      maxContentLength: -1,
      maxBodyLength: -1,
      env: [Object],
      validateStatus: [Function: validateStatus],
      headers: [Object [AxiosHeaders]],
      method: 'post',
      url: 'https://horizon-testnet.stellar.org/transactions',
      data: 'tx=AAAAAgAAAADWfjrcSdjWTuobyPY49Sedz5By39ZAvVgWDbUlP63ZuQAAAGQAChzpAAAAAgAAAAEAAAAAAAAAAAAAAABpdYZwAAAAA1k%2Bb%2BVm7UgJP1ayN3vi0czSwi%2BHqIczFvEn5tOYDIs7AAAAAQAAAAAAAAABAAAAAMVoo7co524bgTdlAL7N0nOxkj6smiUQydB6%2FPysfzbUAAAAAAAAAAAF9eEAAAAAAAAAAAFFKt9FAAAAICDWNR39M85Gv1anxDSTEQkuW%2F%2B4dinrWNG9I%2B5FKt9F',
      allowAbsoluteUrls: true
    },
    request: <ref *1> ClientRequest {
      _events: [Object: null prototype],
      _eventsCount: 7,
      _maxListeners: undefined,
      outputData: [],
      outputSize: 0,
      writable: true,
      destroyed: true,
      _last: false,
      chunkedEncoding: false,
      shouldKeepAlive: true,
      maxRequestsOnConnectionReached: false,
      _defaultKeepAlive: true,
      useChunkedEncodingByDefault: true,
      sendDate: false,
      _removedConnection: false,
      _removedContLen: false,
      _removedTE: false,
      strictContentLength: false,
      _contentLength: 305,
      _hasBody: true,
      _trailer: '',
      finished: true,
      _headerSent: true,
      _closed: true,
      _header: 'POST /transactions HTTP/1.1\r\n' +
        'Accept: application/json, text/plain, */*\r\n' +
        'Content-Type: application/x-www-form-urlencoded\r\n' +
        'X-Client-Name: js-stellar-sdk\r\n' +
        'X-Client-Version: 12.3.0\r\n' +
        'User-Agent: axios/1.13.2\r\n' +
        'Content-Length: 305\r\n' +
        'Accept-Encoding: gzip, compress, deflate, br\r\n' +
        'Host: horizon-testnet.stellar.org\r\n' +
        'Connection: keep-alive\r\n' +
        '\r\n',
      _keepAliveTimeout: 0,
      _onPendingData: [Function: nop],
      agent: [Agent],
      socketPath: undefined,
      method: 'POST',
      maxHeaderSize: undefined,
      insecureHTTPParser: undefined,
      joinDuplicateHeaders: undefined,
      path: '/transactions',
      _ended: true,
      res: [IncomingMessage],
      aborted: false,
      timeoutCb: null,
      upgradeOrConnect: false,
      parser: null,
      maxHeadersCount: null,
      reusedSocket: true,
      host: 'horizon-testnet.stellar.org',
      protocol: 'https:',
      _redirectable: [Writable],
      Symbol(shapeMode): false,
      Symbol(kCapture): false,
      Symbol(kBytesWritten): 0,
      Symbol(kNeedDrain): false,
      Symbol(corked): 0,
      Symbol(kChunkedBuffer): [],
      Symbol(kChunkedLength): 0,
      Symbol(kSocket): [TLSSocket],
      Symbol(kOutHeaders): [Object: null prototype],
      Symbol(errored): null,
      Symbol(kHighWaterMark): 65536,
      Symbol(kRejectNonStandardBodyWrites): false,
      Symbol(kUniqueHeaders): null
    },
    data: {
      type: 'https://stellar.org/horizon-errors/transaction_failed',
      title: 'Transaction Failed',
      status: 400,
      detail: 'The transaction failed when submitted to the stellar network. The `extras.result_codes` field on this response contains further details.  Descriptions of each code can be found at: https://developers.stellar.org/api/errors/http-status-codes/horizon-specific/transaction-failed/',
      extras: [Object]
    }
  },
  status: 400
}
Horizon error codes: { transaction: 'tx_bad_auth' }
=== Direct Verify and Submit Request ===
Stellar Address: GDMAE424XTCZTHALPYKELLCQWLYLN6ECYYU3E325266HDMRZHYIY5YZB
Tx Hash: 8fabec9e8513b710371728047ea9213e85674c87cc34fccaa4f2e3397d6fbfaa
Tx XDR length: 236
Signature length: 22636
Signature bytes length: 16976
Found SPHINCS+ public key in memo ( 32 bytes)
1. Verifying SPHINCS+ signature...
=== Simplified SPHINCS+ Verification ===
Signature length: 16976 bytes
Message length: 32 bytes
Public key length: 32 bytes
Public key seed: 450e97e8d1c01605
Public key root: 1c5286331a1d87a1
Tree index: 37669891494388757
Leaf index: 0
FORS pk computed: be1ae7ebd1adafd5
✅ Simplified SPHINCS+ verification SUCCESS (FORS signature valid)
ℹ️  Note: Hypertree path verification skipped (simplified mode)
   ✅ Signature verified successfully
2. Rebuilding transaction with current sequence...
   Current sequence: 2847017856401409
   Re-creating operations...
   Operation type: payment
   Adding contract authorization (sha256Hash preimage)...
   Contract ID bytes (hex): 20d6351dfd33ce46bf56a7c4349311092e5bffb87629eb58d1bd23ee452adf45
   Signature hint (last 4 bytes): 452adf45
   Transaction signatures before: 0
   Transaction signatures after: 1
   ✓ Contract authorization added as signature
   ✓ Signature: 32 bytes (contract ID bytes)
3. Submitting to Stellar network...
Verify and submit error: AxiosError: Request failed with status code 400
    at settle (/home/eshan/workdump/nebula-ext/relayer/node_modules/axios/dist/node/axios.cjs:2106:12)
    at IncomingMessage.handleStreamEnd (/home/eshan/workdump/nebula-ext/relayer/node_modules/axios/dist/node/axios.cjs:3491:11)
    at IncomingMessage.emit (node:events:520:35)
    at endReadableNT (node:internal/streams/readable:1701:12)
    at process.processTicksAndRejections (node:internal/process/task_queues:90:21)
    at Axios.request (/home/eshan/workdump/nebula-ext/relayer/node_modules/axios/dist/node/axios.cjs:4731:41)
    at process.processTicksAndRejections (node:internal/process/task_queues:105:5)
    at async file:///home/eshan/workdump/nebula-ext/relayer/dist/src/api.js:388:30 {
  code: 'ERR_BAD_REQUEST',
  config: {
    transitional: {
      silentJSONParsing: true,
      forcedJSONParsing: true,
      clarifyTimeoutError: false
    },
    adapter: [ 'xhr', 'http', 'fetch' ],
    transformRequest: [ [Function: transformRequest] ],
    transformResponse: [ [Function: transformResponse] ],
    timeout: 60000,
    xsrfCookieName: 'XSRF-TOKEN',
    xsrfHeaderName: 'X-XSRF-TOKEN',
    maxContentLength: -1,
    maxBodyLength: -1,
    env: { FormData: [Function], Blob: [class Blob] },
    validateStatus: [Function: validateStatus],
    headers: Object [AxiosHeaders] {
      Accept: 'application/json, text/plain, */*',
      'Content-Type': 'application/x-www-form-urlencoded',
      'X-Client-Name': 'js-stellar-sdk',
      'X-Client-Version': '12.3.0',
      'User-Agent': 'axios/1.13.2',
      'Content-Length': '305',
      'Accept-Encoding': 'gzip, compress, deflate, br'
    },
    method: 'post',
    url: 'https://horizon-testnet.stellar.org/transactions',
    data: 'tx=AAAAAgAAAADYAnNcvMWZnAt%2BFEWsULLwtviCximyb13XvHGyOT4RjgAAAGQACh1ZAAAAAgAAAAEAAAAAAAAAAAAAAABpdYdTAAAAA0UOl%2BjRwBYF%2F1g8gmd1vVQcUoYzGh2HoY9YMyihIlFoAAAAAQAAAAAAAAABAAAAAMVoo7co524bgTdlAL7N0nOxkj6smiUQydB6%2FPysfzbUAAAAAAAAAAAF9eEAAAAAAAAAAAFFKt9FAAAAICDWNR39M85Gv1anxDSTEQkuW%2F%2B4dinrWNG9I%2B5FKt9F',
    allowAbsoluteUrls: true
  },
  request: <ref *1> ClientRequest {
    _events: [Object: null prototype] {
      abort: [Function (anonymous)],
      aborted: [Function (anonymous)],
      connect: [Function (anonymous)],
      error: [Function (anonymous)],
      socket: [Function (anonymous)],
      timeout: [Function (anonymous)],
      finish: [Function: requestOnFinish]
    },
    _eventsCount: 7,
    _maxListeners: undefined,
    outputData: [],
    outputSize: 0,
    writable: true,
    destroyed: true,
    _last: false,
    chunkedEncoding: false,
    shouldKeepAlive: true,
    maxRequestsOnConnectionReached: false,
    _defaultKeepAlive: true,
    useChunkedEncodingByDefault: true,
    sendDate: false,
    _removedConnection: false,
    _removedContLen: false,
    _removedTE: false,
    strictContentLength: false,
    _contentLength: 305,
    _hasBody: true,
    _trailer: '',
    finished: true,
    _headerSent: true,
    _closed: true,
    _header: 'POST /transactions HTTP/1.1\r\n' +
      'Accept: application/json, text/plain, */*\r\n' +
      'Content-Type: application/x-www-form-urlencoded\r\n' +
      'X-Client-Name: js-stellar-sdk\r\n' +
      'X-Client-Version: 12.3.0\r\n' +
      'User-Agent: axios/1.13.2\r\n' +
      'Content-Length: 305\r\n' +
      'Accept-Encoding: gzip, compress, deflate, br\r\n' +
      'Host: horizon-testnet.stellar.org\r\n' +
      'Connection: keep-alive\r\n' +
      '\r\n',
    _keepAliveTimeout: 0,
    _onPendingData: [Function: nop],
    agent: Agent {
      _events: [Object: null prototype],
      _eventsCount: 2,
      _maxListeners: undefined,
      options: [Object: null prototype],
      defaultPort: 443,
      protocol: 'https:',
      requests: [Object: null prototype] {},
      sockets: [Object: null prototype] {},
      freeSockets: [Object: null prototype],
      keepAliveMsecs: 1000,
      keepAlive: true,
      maxSockets: Infinity,
      maxFreeSockets: 256,
      scheduling: 'lifo',
      maxTotalSockets: Infinity,
      totalSocketCount: 2,
      agentKeepAliveTimeoutBuffer: 1000,
      maxCachedSessions: 100,
      _sessionCache: [Object],
      Symbol(shapeMode): false,
      Symbol(kCapture): false
    },
    socketPath: undefined,
    method: 'POST',
    maxHeaderSize: undefined,
    insecureHTTPParser: undefined,
    joinDuplicateHeaders: undefined,
    path: '/transactions',
    _ended: true,
    res: IncomingMessage {
      _events: [Object],
      _readableState: [ReadableState],
      _maxListeners: undefined,
      socket: null,
      httpVersionMajor: 1,
      httpVersionMinor: 1,
      httpVersion: '1.1',
      complete: true,
      rawHeaders: [Array],
      rawTrailers: [],
      joinDuplicateHeaders: undefined,
      aborted: false,
      upgrade: false,
      url: '',
      method: null,
      statusCode: 400,
      statusMessage: 'Bad Request',
      client: [TLSSocket],
      _consuming: false,
      _dumped: false,
      req: [Circular *1],
      _eventsCount: 4,
      responseUrl: 'https://horizon-testnet.stellar.org/transactions',
      redirects: [],
      Symbol(shapeMode): true,
      Symbol(kCapture): false,
      Symbol(kHeaders): [Object],
      Symbol(kHeadersCount): 12,
      Symbol(kTrailers): null,
      Symbol(kTrailersCount): 0
    },
    aborted: false,
    timeoutCb: null,
    upgradeOrConnect: false,
    parser: null,
    maxHeadersCount: null,
    reusedSocket: true,
    host: 'horizon-testnet.stellar.org',
    protocol: 'https:',
    _redirectable: Writable {
      _events: [Object],
      _writableState: [WritableState],
      _maxListeners: undefined,
      _options: [Object],
      _ended: true,
      _ending: true,
      _redirectCount: 0,
      _redirects: [],
      _requestBodyLength: 305,
      _requestBodyBuffers: [],
      _eventsCount: 3,
      _onNativeResponse: [Function (anonymous)],
      _currentRequest: [Circular *1],
      _currentUrl: 'https://horizon-testnet.stellar.org/transactions',
      _timeout: null,
      Symbol(shapeMode): true,
      Symbol(kCapture): false
    },
    Symbol(shapeMode): false,
    Symbol(kCapture): false,
    Symbol(kBytesWritten): 0,
    Symbol(kNeedDrain): false,
    Symbol(corked): 0,
    Symbol(kChunkedBuffer): [],
    Symbol(kChunkedLength): 0,
    Symbol(kSocket): TLSSocket {
      _tlsOptions: [Object],
      _secureEstablished: true,
      _securePending: false,
      _newSessionPending: false,
      _controlReleased: true,
      secureConnecting: false,
      _SNICallback: null,
      servername: 'horizon-testnet.stellar.org',
      alpnProtocol: false,
      authorized: true,
      authorizationError: null,
      encrypted: true,
      _events: [Object: null prototype],
      _eventsCount: 9,
      connecting: false,
      _hadError: false,
      _parent: null,
      _host: 'horizon-testnet.stellar.org',
      _closeAfterHandlingError: false,
      _readableState: [ReadableState],
      _writableState: [WritableState],
      allowHalfOpen: false,
      _maxListeners: undefined,
      _sockname: null,
      _pendingData: null,
      _pendingEncoding: '',
      server: undefined,
      _server: null,
      ssl: null,
      _requestCert: true,
      _rejectUnauthorized: true,
      timeout: 5000,
      parser: null,
      _httpMessage: null,
      autoSelectFamilyAttemptedAddresses: [Array],
      handle: [TLSWrap],
      Symbol(alpncallback): null,
      Symbol(res): [TLSWrap],
      Symbol(verified): true,
      Symbol(pendingSession): null,
      Symbol(async_id_symbol): -1,
      Symbol(kHandle): [TLSWrap],
      Symbol(lastWriteQueueSize): 0,
      Symbol(timeout): Timeout {
        _idleTimeout: 5000,
        _idlePrev: [TimersList],
        _idleNext: [Timeout],
        _idleStart: 970634,
        _onTimeout: [Function: bound ],
        _timerArgs: undefined,
        _repeat: null,
        _destroyed: false,
        Symbol(refed): false,
        Symbol(kHasPrimitive): false,
        Symbol(asyncId): 6390,
        Symbol(triggerId): 6388,
        Symbol(kAsyncContextFrame): undefined
      },
      Symbol(kBuffer): null,
      Symbol(kBufferCb): null,
      Symbol(kBufferGen): null,
      Symbol(shapeMode): true,
      Symbol(kCapture): false,
      Symbol(kSetNoDelay): false,
      Symbol(kSetKeepAlive): true,
      Symbol(kSetKeepAliveInitialDelay): 1,
      Symbol(kBytesRead): 0,
      Symbol(kBytesWritten): 0,
      Symbol(connect-options): [Object]
    },
    Symbol(kOutHeaders): [Object: null prototype] {
      accept: [Array],
      'content-type': [Array],
      'x-client-name': [Array],
      'x-client-version': [Array],
      'user-agent': [Array],
      'content-length': [Array],
      'accept-encoding': [Array],
      host: [Array]
    },
    Symbol(errored): null,
    Symbol(kHighWaterMark): 65536,
    Symbol(kRejectNonStandardBodyWrites): false,
    Symbol(kUniqueHeaders): null
  },
  response: {
    status: 400,
    statusText: 'Bad Request',
    headers: Object [AxiosHeaders] {
      date: 'Sun, 25 Jan 2026 03:00:05 GMT',
      'content-type': 'application/problem+json; charset=utf-8',
      'content-length': '852',
      connection: 'keep-alive',
      'cache-control': 'no-cache, no-store, max-age=0',
      vary: 'Origin'
    },
    config: {
      transitional: [Object],
      adapter: [Array],
      transformRequest: [Array],
      transformResponse: [Array],
      timeout: 60000,
      xsrfCookieName: 'XSRF-TOKEN',
      xsrfHeaderName: 'X-XSRF-TOKEN',
      maxContentLength: -1,
      maxBodyLength: -1,
      env: [Object],
      validateStatus: [Function: validateStatus],
      headers: [Object [AxiosHeaders]],
      method: 'post',
      url: 'https://horizon-testnet.stellar.org/transactions',
      data: 'tx=AAAAAgAAAADYAnNcvMWZnAt%2BFEWsULLwtviCximyb13XvHGyOT4RjgAAAGQACh1ZAAAAAgAAAAEAAAAAAAAAAAAAAABpdYdTAAAAA0UOl%2BjRwBYF%2F1g8gmd1vVQcUoYzGh2HoY9YMyihIlFoAAAAAQAAAAAAAAABAAAAAMVoo7co524bgTdlAL7N0nOxkj6smiUQydB6%2FPysfzbUAAAAAAAAAAAF9eEAAAAAAAAAAAFFKt9FAAAAICDWNR39M85Gv1anxDSTEQkuW%2F%2B4dinrWNG9I%2B5FKt9F',
      allowAbsoluteUrls: true
    },
    request: <ref *1> ClientRequest {
      _events: [Object: null prototype],
      _eventsCount: 7,
      _maxListeners: undefined,
      outputData: [],
      outputSize: 0,
      writable: true,
      destroyed: true,
      _last: false,
      chunkedEncoding: false,
      shouldKeepAlive: true,
      maxRequestsOnConnectionReached: false,
      _defaultKeepAlive: true,
      useChunkedEncodingByDefault: true,
      sendDate: false,
      _removedConnection: false,
      _removedContLen: false,
      _removedTE: false,
      strictContentLength: false,
      _contentLength: 305,
      _hasBody: true,
      _trailer: '',
      finished: true,
      _headerSent: true,
      _closed: true,
      _header: 'POST /transactions HTTP/1.1\r\n' +
        'Accept: application/json, text/plain, */*\r\n' +
        'Content-Type: application/x-www-form-urlencoded\r\n' +
        'X-Client-Name: js-stellar-sdk\r\n' +
        'X-Client-Version: 12.3.0\r\n' +
        'User-Agent: axios/1.13.2\r\n' +
        'Content-Length: 305\r\n' +
        'Accept-Encoding: gzip, compress, deflate, br\r\n' +
        'Host: horizon-testnet.stellar.org\r\n' +
        'Connection: keep-alive\r\n' +
        '\r\n',
      _keepAliveTimeout: 0,
      _onPendingData: [Function: nop],
      agent: [Agent],
      socketPath: undefined,
      method: 'POST',
      maxHeaderSize: undefined,
      insecureHTTPParser: undefined,
      joinDuplicateHeaders: undefined,
      path: '/transactions',
      _ended: true,
      res: [IncomingMessage],
      aborted: false,
      timeoutCb: null,
      upgradeOrConnect: false,
      parser: null,
      maxHeadersCount: null,
      reusedSocket: true,
      host: 'horizon-testnet.stellar.org',
      protocol: 'https:',
      _redirectable: [Writable],
      Symbol(shapeMode): false,
      Symbol(kCapture): false,
      Symbol(kBytesWritten): 0,
      Symbol(kNeedDrain): false,
      Symbol(corked): 0,
      Symbol(kChunkedBuffer): [],
      Symbol(kChunkedLength): 0,
      Symbol(kSocket): [TLSSocket],
      Symbol(kOutHeaders): [Object: null prototype],
      Symbol(errored): null,
      Symbol(kHighWaterMark): 65536,
      Symbol(kRejectNonStandardBodyWrites): false,
      Symbol(kUniqueHeaders): null
    },
    data: {
      type: 'https://stellar.org/horizon-errors/transaction_failed',
      title: 'Transaction Failed',
      status: 400,
      detail: 'The transaction failed when submitted to the stellar network. The `extras.result_codes` field on this response contains further details.  Descriptions of each code can be found at: https://developers.stellar.org/api/errors/http-status-codes/horizon-specific/transaction-failed/',
      extras: [Object]
    }
  },
  status: 400
}
Horizon error codes: { transaction: 'tx_bad_auth' }
=== Direct Verify and Submit Request ===
Stellar Address: GDMAE424XTCZTHALPYKELLCQWLYLN6ECYYU3E325266HDMRZHYIY5YZB
Tx Hash: 4c7c322053621a4d6042e78ddc22374de17da9d4bbd444f66805e871603cab38
Tx XDR length: 236
Signature length: 22636
Signature bytes length: 16976
Found SPHINCS+ public key in memo ( 32 bytes)
1. Verifying SPHINCS+ signature...
=== Simplified SPHINCS+ Verification ===
Signature length: 16976 bytes
Message length: 32 bytes
Public key length: 32 bytes
Public key seed: 450e97e8d1c01605
Public key root: 1c5286331a1d87a1
Tree index: 143443573025137547
Leaf index: 0
FORS pk computed: ad7e0aed88c90cb9
✅ Simplified SPHINCS+ verification SUCCESS (FORS signature valid)
ℹ️  Note: Hypertree path verification skipped (simplified mode)
   ✅ Signature verified successfully
2. Rebuilding transaction with current sequence...
   Current sequence: 2847017856401409
   Re-creating operations...
   Operation type: payment
   Adding contract authorization (sha256Hash preimage)...
   Contract ID bytes (hex): 20d6351dfd33ce46bf56a7c4349311092e5bffb87629eb58d1bd23ee452adf45
   Signature hint (last 4 bytes): 452adf45
   Transaction signatures before: 0
   Transaction signatures after: 1
   ✓ Contract authorization added as signature
   ✓ Signature: 32 bytes (contract ID bytes)
3. Submitting to Stellar network...
Verify and submit error: AxiosError: Request failed with status code 400
    at settle (/home/eshan/workdump/nebula-ext/relayer/node_modules/axios/dist/node/axios.cjs:2106:12)
    at IncomingMessage.handleStreamEnd (/home/eshan/workdump/nebula-ext/relayer/node_modules/axios/dist/node/axios.cjs:3491:11)
    at IncomingMessage.emit (node:events:520:35)
    at endReadableNT (node:internal/streams/readable:1701:12)
    at process.processTicksAndRejections (node:internal/process/task_queues:90:21)
    at Axios.request (/home/eshan/workdump/nebula-ext/relayer/node_modules/axios/dist/node/axios.cjs:4731:41)
    at process.processTicksAndRejections (node:internal/process/task_queues:105:5)
    at async file:///home/eshan/workdump/nebula-ext/relayer/dist/src/api.js:388:30 {
  code: 'ERR_BAD_REQUEST',
  config: {
    transitional: {
      silentJSONParsing: true,
      forcedJSONParsing: true,
      clarifyTimeoutError: false
    },
    adapter: [ 'xhr', 'http', 'fetch' ],
    transformRequest: [ [Function: transformRequest] ],
    transformResponse: [ [Function: transformResponse] ],
    timeout: 60000,
    xsrfCookieName: 'XSRF-TOKEN',
    xsrfHeaderName: 'X-XSRF-TOKEN',
    maxContentLength: -1,
    maxBodyLength: -1,
    env: { FormData: [Function], Blob: [class Blob] },
    validateStatus: [Function: validateStatus],
    headers: Object [AxiosHeaders] {
      Accept: 'application/json, text/plain, */*',
      'Content-Type': 'application/x-www-form-urlencoded',
      'X-Client-Name': 'js-stellar-sdk',
      'X-Client-Version': '12.3.0',
      'User-Agent': 'axios/1.13.2',
      'Content-Length': '305',
      'Accept-Encoding': 'gzip, compress, deflate, br'
    },
    method: 'post',
    url: 'https://horizon-testnet.stellar.org/transactions',
    data: 'tx=AAAAAgAAAADYAnNcvMWZnAt%2BFEWsULLwtviCximyb13XvHGyOT4RjgAAAGQACh1ZAAAAAgAAAAEAAAAAAAAAAAAAAABpdYdhAAAAA0UOl%2BjRwBYF%2F1g8gmd1vVQcUoYzGh2HoY9YMyihIlFoAAAAAQAAAAAAAAABAAAAAMVoo7co524bgTdlAL7N0nOxkj6smiUQydB6%2FPysfzbUAAAAAAAAAAAF9eEAAAAAAAAAAAFFKt9FAAAAICDWNR39M85Gv1anxDSTEQkuW%2F%2B4dinrWNG9I%2B5FKt9F',
    allowAbsoluteUrls: true
  },
  request: <ref *1> ClientRequest {
    _events: [Object: null prototype] {
      abort: [Function (anonymous)],
      aborted: [Function (anonymous)],
      connect: [Function (anonymous)],
      error: [Function (anonymous)],
      socket: [Function (anonymous)],
      timeout: [Function (anonymous)],
      finish: [Function: requestOnFinish]
    },
    _eventsCount: 7,
    _maxListeners: undefined,
    outputData: [],
    outputSize: 0,
    writable: true,
    destroyed: true,
    _last: false,
    chunkedEncoding: false,
    shouldKeepAlive: true,
    maxRequestsOnConnectionReached: false,
    _defaultKeepAlive: true,
    useChunkedEncodingByDefault: true,
    sendDate: false,
    _removedConnection: false,
    _removedContLen: false,
    _removedTE: false,
    strictContentLength: false,
    _contentLength: 305,
    _hasBody: true,
    _trailer: '',
    finished: true,
    _headerSent: true,
    _closed: true,
    _header: 'POST /transactions HTTP/1.1\r\n' +
      'Accept: application/json, text/plain, */*\r\n' +
      'Content-Type: application/x-www-form-urlencoded\r\n' +
      'X-Client-Name: js-stellar-sdk\r\n' +
      'X-Client-Version: 12.3.0\r\n' +
      'User-Agent: axios/1.13.2\r\n' +
      'Content-Length: 305\r\n' +
      'Accept-Encoding: gzip, compress, deflate, br\r\n' +
      'Host: horizon-testnet.stellar.org\r\n' +
      'Connection: keep-alive\r\n' +
      '\r\n',
    _keepAliveTimeout: 0,
    _onPendingData: [Function: nop],
    agent: Agent {
      _events: [Object: null prototype],
      _eventsCount: 2,
      _maxListeners: undefined,
      options: [Object: null prototype],
      defaultPort: 443,
      protocol: 'https:',
      requests: [Object: null prototype] {},
      sockets: [Object: null prototype] {},
      freeSockets: [Object: null prototype],
      keepAliveMsecs: 1000,
      keepAlive: true,
      maxSockets: Infinity,
      maxFreeSockets: 256,
      scheduling: 'lifo',
      maxTotalSockets: Infinity,
      totalSocketCount: 2,
      agentKeepAliveTimeoutBuffer: 1000,
      maxCachedSessions: 100,
      _sessionCache: [Object],
      Symbol(shapeMode): false,
      Symbol(kCapture): false
    },
    socketPath: undefined,
    method: 'POST',
    maxHeaderSize: undefined,
    insecureHTTPParser: undefined,
    joinDuplicateHeaders: undefined,
    path: '/transactions',
    _ended: true,
    res: IncomingMessage {
      _events: [Object],
      _readableState: [ReadableState],
      _maxListeners: undefined,
      socket: null,
      httpVersionMajor: 1,
      httpVersionMinor: 1,
      httpVersion: '1.1',
      complete: true,
      rawHeaders: [Array],
      rawTrailers: [],
      joinDuplicateHeaders: undefined,
      aborted: false,
      upgrade: false,
      url: '',
      method: null,
      statusCode: 400,
      statusMessage: 'Bad Request',
      client: [TLSSocket],
      _consuming: false,
      _dumped: false,
      req: [Circular *1],
      _eventsCount: 4,
      responseUrl: 'https://horizon-testnet.stellar.org/transactions',
      redirects: [],
      Symbol(shapeMode): true,
      Symbol(kCapture): false,
      Symbol(kHeaders): [Object],
      Symbol(kHeadersCount): 12,
      Symbol(kTrailers): null,
      Symbol(kTrailersCount): 0
    },
    aborted: false,
    timeoutCb: null,
    upgradeOrConnect: false,
    parser: null,
    maxHeadersCount: null,
    reusedSocket: true,
    host: 'horizon-testnet.stellar.org',
    protocol: 'https:',
    _redirectable: Writable {
      _events: [Object],
      _writableState: [WritableState],
      _maxListeners: undefined,
      _options: [Object],
      _ended: true,
      _ending: true,
      _redirectCount: 0,
      _redirects: [],
      _requestBodyLength: 305,
      _requestBodyBuffers: [],
      _eventsCount: 3,
      _onNativeResponse: [Function (anonymous)],
      _currentRequest: [Circular *1],
      _currentUrl: 'https://horizon-testnet.stellar.org/transactions',
      _timeout: null,
      Symbol(shapeMode): true,
      Symbol(kCapture): false
    },
    Symbol(shapeMode): false,
    Symbol(kCapture): false,
    Symbol(kBytesWritten): 0,
    Symbol(kNeedDrain): false,
    Symbol(corked): 0,
    Symbol(kChunkedBuffer): [],
    Symbol(kChunkedLength): 0,
    Symbol(kSocket): TLSSocket {
      _tlsOptions: [Object],
      _secureEstablished: true,
      _securePending: false,
      _newSessionPending: false,
      _controlReleased: true,
      secureConnecting: false,
      _SNICallback: null,
      servername: 'horizon-testnet.stellar.org',
      alpnProtocol: false,
      authorized: true,
      authorizationError: null,
      encrypted: true,
      _events: [Object: null prototype],
      _eventsCount: 9,
      connecting: false,
      _hadError: false,
      _parent: null,
      _host: 'horizon-testnet.stellar.org',
      _closeAfterHandlingError: false,
      _readableState: [ReadableState],
      _writableState: [WritableState],
      allowHalfOpen: false,
      _maxListeners: undefined,
      _sockname: null,
      _pendingData: null,
      _pendingEncoding: '',
      server: undefined,
      _server: null,
      ssl: null,
      _requestCert: true,
      _rejectUnauthorized: true,
      timeout: 5000,
      parser: null,
      _httpMessage: null,
      autoSelectFamilyAttemptedAddresses: [Array],
      handle: [TLSWrap],
      Symbol(alpncallback): null,
      Symbol(res): [TLSWrap],
      Symbol(verified): true,
      Symbol(pendingSession): null,
      Symbol(async_id_symbol): -1,
      Symbol(kHandle): [TLSWrap],
      Symbol(lastWriteQueueSize): 0,
      Symbol(timeout): Timeout {
        _idleTimeout: 5000,
        _idlePrev: [TimersList],
        _idleNext: [Timeout],
        _idleStart: 985387,
        _onTimeout: [Function: bound ],
        _timerArgs: undefined,
        _repeat: null,
        _destroyed: false,
        Symbol(refed): false,
        Symbol(kHasPrimitive): false,
        Symbol(asyncId): 6531,
        Symbol(triggerId): 6529,
        Symbol(kAsyncContextFrame): undefined
      },
      Symbol(kBuffer): null,
      Symbol(kBufferCb): null,
      Symbol(kBufferGen): null,
      Symbol(shapeMode): true,
      Symbol(kCapture): false,
      Symbol(kSetNoDelay): false,
      Symbol(kSetKeepAlive): true,
      Symbol(kSetKeepAliveInitialDelay): 1,
      Symbol(kBytesRead): 0,
      Symbol(kBytesWritten): 0,
      Symbol(connect-options): [Object]
    },
    Symbol(kOutHeaders): [Object: null prototype] {
      accept: [Array],
      'content-type': [Array],
      'x-client-name': [Array],
      'x-client-version': [Array],
      'user-agent': [Array],
      'content-length': [Array],
      'accept-encoding': [Array],
      host: [Array]
    },
    Symbol(errored): null,
    Symbol(kHighWaterMark): 65536,
    Symbol(kRejectNonStandardBodyWrites): false,
    Symbol(kUniqueHeaders): null
  },
  response: {
    status: 400,
    statusText: 'Bad Request',
    headers: Object [AxiosHeaders] {
      date: 'Sun, 25 Jan 2026 03:00:20 GMT',
      'content-type': 'application/problem+json; charset=utf-8',
      'content-length': '852',
      connection: 'keep-alive',
      'cache-control': 'no-cache, no-store, max-age=0',
      vary: 'Origin'
    },
    config: {
      transitional: [Object],
      adapter: [Array],
      transformRequest: [Array],
      transformResponse: [Array],
      timeout: 60000,
      xsrfCookieName: 'XSRF-TOKEN',
      xsrfHeaderName: 'X-XSRF-TOKEN',
      maxContentLength: -1,
      maxBodyLength: -1,
      env: [Object],
      validateStatus: [Function: validateStatus],
      headers: [Object [AxiosHeaders]],
      method: 'post',
      url: 'https://horizon-testnet.stellar.org/transactions',
      data: 'tx=AAAAAgAAAADYAnNcvMWZnAt%2BFEWsULLwtviCximyb13XvHGyOT4RjgAAAGQACh1ZAAAAAgAAAAEAAAAAAAAAAAAAAABpdYdhAAAAA0UOl%2BjRwBYF%2F1g8gmd1vVQcUoYzGh2HoY9YMyihIlFoAAAAAQAAAAAAAAABAAAAAMVoo7co524bgTdlAL7N0nOxkj6smiUQydB6%2FPysfzbUAAAAAAAAAAAF9eEAAAAAAAAAAAFFKt9FAAAAICDWNR39M85Gv1anxDSTEQkuW%2F%2B4dinrWNG9I%2B5FKt9F',
      allowAbsoluteUrls: true
    },
    request: <ref *1> ClientRequest {
      _events: [Object: null prototype],
      _eventsCount: 7,
      _maxListeners: undefined,
      outputData: [],
      outputSize: 0,
      writable: true,
      destroyed: true,
      _last: false,
      chunkedEncoding: false,
      shouldKeepAlive: true,
      maxRequestsOnConnectionReached: false,
      _defaultKeepAlive: true,
      useChunkedEncodingByDefault: true,
      sendDate: false,
      _removedConnection: false,
      _removedContLen: false,
      _removedTE: false,
      strictContentLength: false,
      _contentLength: 305,
      _hasBody: true,
      _trailer: '',
      finished: true,
      _headerSent: true,
      _closed: true,
      _header: 'POST /transactions HTTP/1.1\r\n' +
        'Accept: application/json, text/plain, */*\r\n' +
        'Content-Type: application/x-www-form-urlencoded\r\n' +
        'X-Client-Name: js-stellar-sdk\r\n' +
        'X-Client-Version: 12.3.0\r\n' +
        'User-Agent: axios/1.13.2\r\n' +
        'Content-Length: 305\r\n' +
        'Accept-Encoding: gzip, compress, deflate, br\r\n' +
        'Host: horizon-testnet.stellar.org\r\n' +
        'Connection: keep-alive\r\n' +
        '\r\n',
      _keepAliveTimeout: 0,
      _onPendingData: [Function: nop],
      agent: [Agent],
      socketPath: undefined,
      method: 'POST',
      maxHeaderSize: undefined,
      insecureHTTPParser: undefined,
      joinDuplicateHeaders: undefined,
      path: '/transactions',
      _ended: true,
      res: [IncomingMessage],
      aborted: false,
      timeoutCb: null,
      upgradeOrConnect: false,
      parser: null,
      maxHeadersCount: null,
      reusedSocket: true,
      host: 'horizon-testnet.stellar.org',
      protocol: 'https:',
      _redirectable: [Writable],
      Symbol(shapeMode): false,
      Symbol(kCapture): false,
      Symbol(kBytesWritten): 0,
      Symbol(kNeedDrain): false,
      Symbol(corked): 0,
      Symbol(kChunkedBuffer): [],
      Symbol(kChunkedLength): 0,
      Symbol(kSocket): [TLSSocket],
      Symbol(kOutHeaders): [Object: null prototype],
      Symbol(errored): null,
      Symbol(kHighWaterMark): 65536,
      Symbol(kRejectNonStandardBodyWrites): false,
      Symbol(kUniqueHeaders): null
    },
    data: {
      type: 'https://stellar.org/horizon-errors/transaction_failed',
      title: 'Transaction Failed',
      status: 400,
      detail: 'The transaction failed when submitted to the stellar network. The `extras.result_codes` field on this response contains further details.  Descriptions of each code can be found at: https://developers.stellar.org/api/errors/http-status-codes/horizon-specific/transaction-failed/',
      extras: [Object]
    }
  },
  status: 400
}
Horizon error codes: { transaction: 'tx_bad_auth' }
Error polling events: AxiosError: read ETIMEDOUT
    at AxiosError.from (/home/eshan/workdump/nebula-ext/relayer/node_modules/axios/dist/node/axios.cjs:914:14)
    at RedirectableRequest.handleRequestError (/home/eshan/workdump/nebula-ext/relayer/node_modules/axios/dist/node/axios.cjs:3515:25)
    at RedirectableRequest.emit (node:events:508:28)
    at eventHandlers.<computed> (/home/eshan/workdump/nebula-ext/relayer/node_modules/follow-redirects/index.js:49:24)
    at ClientRequest.emit (node:events:508:28)
    at emitErrorEvent (node:_http_client:107:11)
    at TLSSocket.socketErrorListener (node:_http_client:574:5)
    at TLSSocket.emit (node:events:508:28)
    at emitErrorNT (node:internal/streams/destroy:170:8)
    at emitErrorCloseNT (node:internal/streams/destroy:129:3)
    at Axios.request (/home/eshan/workdump/nebula-ext/relayer/node_modules/axios/dist/node/axios.cjs:4731:41)
    at process.processTicksAndRejections (node:internal/process/task_queues:105:5) {
  syscall: 'read',
  code: 'ETIMEDOUT',
  errno: -110,
  config: {
    transitional: {
      silentJSONParsing: true,
      forcedJSONParsing: true,
      clarifyTimeoutError: false
    },
    adapter: [ 'xhr', 'http', 'fetch' ],
    transformRequest: [ [Function: transformRequest] ],
    transformResponse: [ [Function: transformResponse] ],
    timeout: 0,
    xsrfCookieName: 'XSRF-TOKEN',
    xsrfHeaderName: 'X-XSRF-TOKEN',
    maxContentLength: -1,
    maxBodyLength: -1,
    env: { FormData: [Function], Blob: [class Blob] },
    validateStatus: [Function: validateStatus],
    headers: Object [AxiosHeaders] {
      Accept: 'application/json, text/plain, */*',
      'Content-Type': 'application/json',
      'X-Client-Name': 'js-soroban-client',
      'X-Client-Version': '12.3.0',
      'User-Agent': 'axios/1.13.2',
      'Content-Length': '211',
      'Accept-Encoding': 'gzip, compress, deflate, br'
    },
    method: 'post',
    url: 'https://soroban-testnet.stellar.org:443/',
    data: '{"jsonrpc":"2.0","id":1,"method":"getEvents","params":{"filters":[{"type":"contract","contractIds":["CAQNMNI57UZ44RV7K2T4INETCEES4W77XB3CT22Y2G6SH3SFFLPULDQW"]}],"pagination":{"limit":100},"startLedger":662680}}',
    allowAbsoluteUrls: true
  },
  request: <ref *1> Writable {
    _events: {
      close: undefined,
      error: [Function: handleRequestError],
      prefinish: undefined,
      finish: undefined,
      drain: undefined,
      response: [Function: handleResponse],
      socket: [Array],
      abort: undefined
    },
    _writableState: WritableState {
      highWaterMark: 65536,
      length: 0,
      corked: 0,
      onwrite: [Function: bound onwrite],
      writelen: 0,
      bufferedIndex: 0,
      pendingcb: 0,
      Symbol(kState): 17580812,
      Symbol(kBufferedValue): null
    },
    _maxListeners: undefined,
    _options: {
      maxRedirects: 21,
      maxBodyLength: Infinity,
      protocol: 'https:',
      path: '/',
      method: 'POST',
      headers: [Object: null prototype],
      agents: [Object],
      auth: undefined,
      family: undefined,
      beforeRedirect: [Function: dispatchBeforeRedirect],
      beforeRedirects: [Object],
      http2Options: undefined,
      hostname: 'soroban-testnet.stellar.org',
      port: '',
      agent: undefined,
      nativeProtocols: [Object],
      pathname: '/'
    },
    _ended: true,
    _ending: true,
    _redirectCount: 0,
    _redirects: [],
    _requestBodyLength: 211,
    _requestBodyBuffers: [ [Object] ],
    _eventsCount: 3,
    _onNativeResponse: [Function (anonymous)],
    _currentRequest: ClientRequest {
      _events: [Object: null prototype],
      _eventsCount: 7,
      _maxListeners: undefined,
      outputData: [],
      outputSize: 0,
      writable: true,
      destroyed: false,
      _last: false,
      chunkedEncoding: false,
      shouldKeepAlive: true,
      maxRequestsOnConnectionReached: false,
      _defaultKeepAlive: true,
      useChunkedEncodingByDefault: true,
      sendDate: false,
      _removedConnection: false,
      _removedContLen: false,
      _removedTE: false,
      strictContentLength: false,
      _contentLength: 211,
      _hasBody: true,
      _trailer: '',
      finished: true,
      _headerSent: true,
      _closed: false,
      _header: 'POST / HTTP/1.1\r\n' +
        'Accept: application/json, text/plain, */*\r\n' +
        'Content-Type: application/json\r\n' +
        'X-Client-Name: js-soroban-client\r\n' +
        'X-Client-Version: 12.3.0\r\n' +
        'User-Agent: axios/1.13.2\r\n' +
        'Content-Length: 211\r\n' +
        'Accept-Encoding: gzip, compress, deflate, br\r\n' +
        'Host: soroban-testnet.stellar.org\r\n' +
        'Connection: keep-alive\r\n' +
        '\r\n',
      _keepAliveTimeout: 0,
      _onPendingData: [Function: nop],
      agent: [Agent],
      socketPath: undefined,
      method: 'POST',
      maxHeaderSize: undefined,
      insecureHTTPParser: undefined,
      joinDuplicateHeaders: undefined,
      path: '/',
      _ended: false,
      res: null,
      aborted: false,
      timeoutCb: [Function: emitRequestTimeout],
      upgradeOrConnect: false,
      parser: null,
      maxHeadersCount: null,
      reusedSocket: false,
      host: 'soroban-testnet.stellar.org',
      protocol: 'https:',
      _redirectable: [Circular *1],
      Symbol(shapeMode): false,
      Symbol(kCapture): false,
      Symbol(kBytesWritten): 0,
      Symbol(kNeedDrain): false,
      Symbol(corked): 0,
      Symbol(kChunkedBuffer): [],
      Symbol(kChunkedLength): 0,
      Symbol(kSocket): [TLSSocket],
      Symbol(kOutHeaders): [Object: null prototype],
      Symbol(errored): null,
      Symbol(kHighWaterMark): 65536,
      Symbol(kRejectNonStandardBodyWrites): false,
      Symbol(kUniqueHeaders): null
    },
    _currentUrl: 'https://soroban-testnet.stellar.org/',
    _timeout: null,
    Symbol(shapeMode): true,
    Symbol(kCapture): false
  },
  [cause]: Error: read ETIMEDOUT
      at TLSWrap.onStreamRead (node:internal/stream_base_commons:216:20) {
    errno: -110,
    code: 'ETIMEDOUT',
    syscall: 'read'
  }
}
Error polling events: AxiosError: getaddrinfo EAI_AGAIN soroban-testnet.stellar.org
    at AxiosError.from (/home/eshan/workdump/nebula-ext/relayer/node_modules/axios/dist/node/axios.cjs:914:14)
    at RedirectableRequest.handleRequestError (/home/eshan/workdump/nebula-ext/relayer/node_modules/axios/dist/node/axios.cjs:3515:25)
    at RedirectableRequest.emit (node:events:520:35)
    at eventHandlers.<computed> (/home/eshan/workdump/nebula-ext/relayer/node_modules/follow-redirects/index.js:49:24)
    at ClientRequest.emit (node:events:508:28)
    at emitErrorEvent (node:_http_client:107:11)
    at TLSSocket.socketErrorListener (node:_http_client:574:5)
    at TLSSocket.emit (node:events:508:28)
    at emitErrorNT (node:internal/streams/destroy:170:8)
    at emitErrorCloseNT (node:internal/streams/destroy:129:3)
    at Axios.request (/home/eshan/workdump/nebula-ext/relayer/node_modules/axios/dist/node/axios.cjs:4731:41)
    at process.processTicksAndRejections (node:internal/process/task_queues:105:5) {
  hostname: 'soroban-testnet.stellar.org',
  syscall: 'getaddrinfo',
  code: 'EAI_AGAIN',
  errno: -3001,
  config: {
    transitional: {
      silentJSONParsing: true,
      forcedJSONParsing: true,
      clarifyTimeoutError: false
    },
    adapter: [ 'xhr', 'http', 'fetch' ],
    transformRequest: [ [Function: transformRequest] ],
    transformResponse: [ [Function: transformResponse] ],
    timeout: 0,
    xsrfCookieName: 'XSRF-TOKEN',
    xsrfHeaderName: 'X-XSRF-TOKEN',
    maxContentLength: -1,
    maxBodyLength: -1,
    env: { FormData: [Function], Blob: [class Blob] },
    validateStatus: [Function: validateStatus],
    headers: Object [AxiosHeaders] {
      Accept: 'application/json, text/plain, */*',
      'Content-Type': 'application/json',
      'X-Client-Name': 'js-soroban-client',
      'X-Client-Version': '12.3.0',
      'User-Agent': 'axios/1.13.2',
      'Content-Length': '211',
      'Accept-Encoding': 'gzip, compress, deflate, br'
    },
    method: 'post',
    url: 'https://soroban-testnet.stellar.org:443/',
    data: '{"jsonrpc":"2.0","id":1,"method":"getEvents","params":{"filters":[{"type":"contract","contractIds":["CAQNMNI57UZ44RV7K2T4INETCEES4W77XB3CT22Y2G6SH3SFFLPULDQW"]}],"pagination":{"limit":100},"startLedger":662680}}',
    allowAbsoluteUrls: true
  },
  request: <ref *1> Writable {
    _events: {
      close: undefined,
      error: [Function: handleRequestError],
      prefinish: undefined,
      finish: undefined,
      drain: undefined,
      response: [Function: handleResponse],
      socket: [Array],
      abort: undefined
    },
    _writableState: WritableState {
      highWaterMark: 65536,
      length: 0,
      corked: 0,
      onwrite: [Function: bound onwrite],
      writelen: 0,
      bufferedIndex: 0,
      pendingcb: 0,
      Symbol(kState): 17580812,
      Symbol(kBufferedValue): null
    },
    _maxListeners: undefined,
    _options: {
      maxRedirects: 21,
      maxBodyLength: Infinity,
      protocol: 'https:',
      path: '/',
      method: 'POST',
      headers: [Object: null prototype],
      agents: [Object],
      auth: undefined,
      family: undefined,
      beforeRedirect: [Function: dispatchBeforeRedirect],
      beforeRedirects: [Object],
      http2Options: undefined,
      hostname: 'soroban-testnet.stellar.org',
      port: '',
      agent: undefined,
      nativeProtocols: [Object],
      pathname: '/'
    },
    _ended: true,
    _ending: true,
    _redirectCount: 0,
    _redirects: [],
    _requestBodyLength: 211,
    _requestBodyBuffers: [ [Object] ],
    _eventsCount: 3,
    _onNativeResponse: [Function (anonymous)],
    _currentRequest: ClientRequest {
      _events: [Object: null prototype],
      _eventsCount: 7,
      _maxListeners: undefined,
      outputData: [],
      outputSize: 0,
      writable: true,
      destroyed: false,
      _last: false,
      chunkedEncoding: false,
      shouldKeepAlive: true,
      maxRequestsOnConnectionReached: false,
      _defaultKeepAlive: true,
      useChunkedEncodingByDefault: true,
      sendDate: false,
      _removedConnection: false,
      _removedContLen: false,
      _removedTE: false,
      strictContentLength: false,
      _contentLength: 211,
      _hasBody: true,
      _trailer: '',
      finished: true,
      _headerSent: true,
      _closed: false,
      _header: 'POST / HTTP/1.1\r\n' +
        'Accept: application/json, text/plain, */*\r\n' +
        'Content-Type: application/json\r\n' +
        'X-Client-Name: js-soroban-client\r\n' +
        'X-Client-Version: 12.3.0\r\n' +
        'User-Agent: axios/1.13.2\r\n' +
        'Content-Length: 211\r\n' +
        'Accept-Encoding: gzip, compress, deflate, br\r\n' +
        'Host: soroban-testnet.stellar.org\r\n' +
        'Connection: keep-alive\r\n' +
        '\r\n',
      _keepAliveTimeout: 0,
      _onPendingData: [Function: nop],
      agent: [Agent],
      socketPath: undefined,
      method: 'POST',
      maxHeaderSize: undefined,
      insecureHTTPParser: undefined,
      joinDuplicateHeaders: undefined,
      path: '/',
      _ended: false,
      res: null,
      aborted: false,
      timeoutCb: [Function: emitRequestTimeout],
      upgradeOrConnect: false,
      parser: null,
      maxHeadersCount: null,
      reusedSocket: false,
      host: 'soroban-testnet.stellar.org',
      protocol: 'https:',
      _redirectable: [Circular *1],
      Symbol(shapeMode): false,
      Symbol(kCapture): false,
      Symbol(kBytesWritten): 0,
      Symbol(kNeedDrain): false,
      Symbol(corked): 0,
      Symbol(kChunkedBuffer): [],
      Symbol(kChunkedLength): 0,
      Symbol(kSocket): [TLSSocket],
      Symbol(kOutHeaders): [Object: null prototype],
      Symbol(errored): null,
      Symbol(kHighWaterMark): 65536,
      Symbol(kRejectNonStandardBodyWrites): false,
      Symbol(kUniqueHeaders): null
    },
    _currentUrl: 'https://soroban-testnet.stellar.org/',
    _timeout: null,
    Symbol(shapeMode): true,
    Symbol(kCapture): false
  },
  [cause]: Error: getaddrinfo EAI_AGAIN soroban-testnet.stellar.org
      at GetAddrInfoReqWrap.onlookupall [as oncomplete] (node:dns:122:26) {
    errno: -3001,
    code: 'EAI_AGAIN',
    syscall: 'getaddrinfo',
    hostname: 'soroban-testnet.stellar.org'
  }
}
Error polling events: AxiosError: getaddrinfo EAI_AGAIN soroban-testnet.stellar.org
    at AxiosError.from (/home/eshan/workdump/nebula-ext/relayer/node_modules/axios/dist/node/axios.cjs:914:14)
    at RedirectableRequest.handleRequestError (/home/eshan/workdump/nebula-ext/relayer/node_modules/axios/dist/node/axios.cjs:3515:25)
    at RedirectableRequest.emit (node:events:520:35)
    at eventHandlers.<computed> (/home/eshan/workdump/nebula-ext/relayer/node_modules/follow-redirects/index.js:49:24)
    at ClientRequest.emit (node:events:508:28)
    at emitErrorEvent (node:_http_client:107:11)
    at TLSSocket.socketErrorListener (node:_http_client:574:5)
    at TLSSocket.emit (node:events:508:28)
    at emitErrorNT (node:internal/streams/destroy:170:8)
    at emitErrorCloseNT (node:internal/streams/destroy:129:3)
    at Axios.request (/home/eshan/workdump/nebula-ext/relayer/node_modules/axios/dist/node/axios.cjs:4731:41)
    at process.processTicksAndRejections (node:internal/process/task_queues:105:5) {
  hostname: 'soroban-testnet.stellar.org',
  syscall: 'getaddrinfo',
  code: 'EAI_AGAIN',
  errno: -3001,
  config: {
    transitional: {
      silentJSONParsing: true,
      forcedJSONParsing: true,
      clarifyTimeoutError: false
    },
    adapter: [ 'xhr', 'http', 'fetch' ],
    transformRequest: [ [Function: transformRequest] ],
    transformResponse: [ [Function: transformResponse] ],
    timeout: 0,
    xsrfCookieName: 'XSRF-TOKEN',
    xsrfHeaderName: 'X-XSRF-TOKEN',
    maxContentLength: -1,
    maxBodyLength: -1,
    env: { FormData: [Function], Blob: [class Blob] },
    validateStatus: [Function: validateStatus],
    headers: Object [AxiosHeaders] {
      Accept: 'application/json, text/plain, */*',
      'Content-Type': 'application/json',
      'X-Client-Name': 'js-soroban-client',
      'X-Client-Version': '12.3.0',
      'User-Agent': 'axios/1.13.2',
      'Content-Length': '211',
      'Accept-Encoding': 'gzip, compress, deflate, br'
    },
    method: 'post',
    url: 'https://soroban-testnet.stellar.org:443/',
    data: '{"jsonrpc":"2.0","id":1,"method":"getEvents","params":{"filters":[{"type":"contract","contractIds":["CAQNMNI57UZ44RV7K2T4INETCEES4W77XB3CT22Y2G6SH3SFFLPULDQW"]}],"pagination":{"limit":100},"startLedger":662680}}',
    allowAbsoluteUrls: true
  },
  request: <ref *1> Writable {
    _events: {
      close: undefined,
      error: [Function: handleRequestError],
      prefinish: undefined,
      finish: undefined,
      drain: undefined,
      response: [Function: handleResponse],
      socket: [Array],
      abort: undefined
    },
    _writableState: WritableState {
      highWaterMark: 65536,
      length: 0,
      corked: 0,
      onwrite: [Function: bound onwrite],
      writelen: 0,
      bufferedIndex: 0,
      pendingcb: 0,
      Symbol(kState): 17580812,
      Symbol(kBufferedValue): null
    },
    _maxListeners: undefined,
    _options: {
      maxRedirects: 21,
      maxBodyLength: Infinity,
      protocol: 'https:',
      path: '/',
      method: 'POST',
      headers: [Object: null prototype],
      agents: [Object],
      auth: undefined,
      family: undefined,
      beforeRedirect: [Function: dispatchBeforeRedirect],
      beforeRedirects: [Object],
      http2Options: undefined,
      hostname: 'soroban-testnet.stellar.org',
      port: '',
      agent: undefined,
      nativeProtocols: [Object],
      pathname: '/'
    },
    _ended: true,
    _ending: true,
    _redirectCount: 0,
    _redirects: [],
    _requestBodyLength: 211,
    _requestBodyBuffers: [ [Object] ],
    _eventsCount: 3,
    _onNativeResponse: [Function (anonymous)],
    _currentRequest: ClientRequest {
      _events: [Object: null prototype],
      _eventsCount: 7,
      _maxListeners: undefined,
      outputData: [],
      outputSize: 0,
      writable: true,
      destroyed: false,
      _last: false,
      chunkedEncoding: false,
      shouldKeepAlive: true,
      maxRequestsOnConnectionReached: false,
      _defaultKeepAlive: true,
      useChunkedEncodingByDefault: true,
      sendDate: false,
      _removedConnection: false,
      _removedContLen: false,
      _removedTE: false,
      strictContentLength: false,
      _contentLength: 211,
      _hasBody: true,
      _trailer: '',
      finished: true,
      _headerSent: true,
      _closed: false,
      _header: 'POST / HTTP/1.1\r\n' +
        'Accept: application/json, text/plain, */*\r\n' +
        'Content-Type: application/json\r\n' +
        'X-Client-Name: js-soroban-client\r\n' +
        'X-Client-Version: 12.3.0\r\n' +
        'User-Agent: axios/1.13.2\r\n' +
        'Content-Length: 211\r\n' +
        'Accept-Encoding: gzip, compress, deflate, br\r\n' +
        'Host: soroban-testnet.stellar.org\r\n' +
        'Connection: keep-alive\r\n' +
        '\r\n',
      _keepAliveTimeout: 0,
      _onPendingData: [Function: nop],
      agent: [Agent],
      socketPath: undefined,
      method: 'POST',
      maxHeaderSize: undefined,
      insecureHTTPParser: undefined,
      joinDuplicateHeaders: undefined,
      path: '/',
      _ended: false,
      res: null,
      aborted: false,
      timeoutCb: [Function: emitRequestTimeout],
      upgradeOrConnect: false,
      parser: null,
      maxHeadersCount: null,
      reusedSocket: false,
      host: 'soroban-testnet.stellar.org',
      protocol: 'https:',
      _redirectable: [Circular *1],
      Symbol(shapeMode): false,
      Symbol(kCapture): false,
      Symbol(kBytesWritten): 0,
      Symbol(kNeedDrain): false,
      Symbol(corked): 0,
      Symbol(kChunkedBuffer): [],
      Symbol(kChunkedLength): 0,
      Symbol(kSocket): [TLSSocket],
      Symbol(kOutHeaders): [Object: null prototype],
      Symbol(errored): null,
      Symbol(kHighWaterMark): 65536,
      Symbol(kRejectNonStandardBodyWrites): false,
      Symbol(kUniqueHeaders): null
    },
    _currentUrl: 'https://soroban-testnet.stellar.org/',
    _timeout: null,
    Symbol(shapeMode): true,
    Symbol(kCapture): false
  },
  [cause]: Error: getaddrinfo EAI_AGAIN soroban-testnet.stellar.org
      at GetAddrInfoReqWrap.onlookupall [as oncomplete] (node:dns:122:26) {
    errno: -3001,
    code: 'EAI_AGAIN',
    syscall: 'getaddrinfo',
    hostname: 'soroban-testnet.stellar.org'
  }
}
Error polling events: AxiosError: getaddrinfo EAI_AGAIN soroban-testnet.stellar.org
    at AxiosError.from (/home/eshan/workdump/nebula-ext/relayer/node_modules/axios/dist/node/axios.cjs:914:14)
    at RedirectableRequest.handleRequestError (/home/eshan/workdump/nebula-ext/relayer/node_modules/axios/dist/node/axios.cjs:3515:25)
    at RedirectableRequest.emit (node:events:508:28)
    at eventHandlers.<computed> (/home/eshan/workdump/nebula-ext/relayer/node_modules/follow-redirects/index.js:49:24)
    at ClientRequest.emit (node:events:508:28)
    at emitErrorEvent (node:_http_client:107:11)
    at TLSSocket.socketErrorListener (node:_http_client:574:5)
    at TLSSocket.emit (node:events:508:28)
    at emitErrorNT (node:internal/streams/destroy:170:8)
    at emitErrorCloseNT (node:internal/streams/destroy:129:3)
    at Axios.request (/home/eshan/workdump/nebula-ext/relayer/node_modules/axios/dist/node/axios.cjs:4731:41)
    at process.processTicksAndRejections (node:internal/process/task_queues:105:5) {
  hostname: 'soroban-testnet.stellar.org',
  syscall: 'getaddrinfo',
  code: 'EAI_AGAIN',
  errno: -3001,
  config: {
    transitional: {
      silentJSONParsing: true,
      forcedJSONParsing: true,
      clarifyTimeoutError: false
    },
    adapter: [ 'xhr', 'http', 'fetch' ],
    transformRequest: [ [Function: transformRequest] ],
    transformResponse: [ [Function: transformResponse] ],
    timeout: 0,
    xsrfCookieName: 'XSRF-TOKEN',
    xsrfHeaderName: 'X-XSRF-TOKEN',
    maxContentLength: -1,
    maxBodyLength: -1,
    env: { FormData: [Function], Blob: [class Blob] },
    validateStatus: [Function: validateStatus],
    headers: Object [AxiosHeaders] {
      Accept: 'application/json, text/plain, */*',
      'Content-Type': 'application/json',
      'X-Client-Name': 'js-soroban-client',
      'X-Client-Version': '12.3.0',
      'User-Agent': 'axios/1.13.2',
      'Content-Length': '211',
      'Accept-Encoding': 'gzip, compress, deflate, br'
    },
    method: 'post',
    url: 'https://soroban-testnet.stellar.org:443/',
    data: '{"jsonrpc":"2.0","id":1,"method":"getEvents","params":{"filters":[{"type":"contract","contractIds":["CAQNMNI57UZ44RV7K2T4INETCEES4W77XB3CT22Y2G6SH3SFFLPULDQW"]}],"pagination":{"limit":100},"startLedger":662680}}',
    allowAbsoluteUrls: true
  },
  request: <ref *1> Writable {
    _events: {
      close: undefined,
      error: [Function: handleRequestError],
      prefinish: undefined,
      finish: undefined,
      drain: undefined,
      response: [Function: handleResponse],
      socket: [Array],
      abort: undefined
    },
    _writableState: WritableState {
      highWaterMark: 65536,
      length: 0,
      corked: 0,
      onwrite: [Function: bound onwrite],
      writelen: 0,
      bufferedIndex: 0,
      pendingcb: 0,
      Symbol(kState): 17580812,
      Symbol(kBufferedValue): null
    },
    _maxListeners: undefined,
    _options: {
      maxRedirects: 21,
      maxBodyLength: Infinity,
      protocol: 'https:',
      path: '/',
      method: 'POST',
      headers: [Object: null prototype],
      agents: [Object],
      auth: undefined,
      family: undefined,
      beforeRedirect: [Function: dispatchBeforeRedirect],
      beforeRedirects: [Object],
      http2Options: undefined,
      hostname: 'soroban-testnet.stellar.org',
      port: '',
      agent: undefined,
      nativeProtocols: [Object],
      pathname: '/'
    },
    _ended: true,
    _ending: true,
    _redirectCount: 0,
    _redirects: [],
    _requestBodyLength: 211,
    _requestBodyBuffers: [ [Object] ],
    _eventsCount: 3,
    _onNativeResponse: [Function (anonymous)],
    _currentRequest: ClientRequest {
      _events: [Object: null prototype],
      _eventsCount: 7,
      _maxListeners: undefined,
      outputData: [],
      outputSize: 0,
      writable: true,
      destroyed: false,
      _last: false,
      chunkedEncoding: false,
      shouldKeepAlive: true,
      maxRequestsOnConnectionReached: false,
      _defaultKeepAlive: true,
      useChunkedEncodingByDefault: true,
      sendDate: false,
      _removedConnection: false,
      _removedContLen: false,
      _removedTE: false,
      strictContentLength: false,
      _contentLength: 211,
      _hasBody: true,
      _trailer: '',
      finished: true,
      _headerSent: true,
      _closed: false,
      _header: 'POST / HTTP/1.1\r\n' +
        'Accept: application/json, text/plain, */*\r\n' +
        'Content-Type: application/json\r\n' +
        'X-Client-Name: js-soroban-client\r\n' +
        'X-Client-Version: 12.3.0\r\n' +
        'User-Agent: axios/1.13.2\r\n' +
        'Content-Length: 211\r\n' +
        'Accept-Encoding: gzip, compress, deflate, br\r\n' +
        'Host: soroban-testnet.stellar.org\r\n' +
        'Connection: keep-alive\r\n' +
        '\r\n',
      _keepAliveTimeout: 0,
      _onPendingData: [Function: nop],
      agent: [Agent],
      socketPath: undefined,
      method: 'POST',
      maxHeaderSize: undefined,
      insecureHTTPParser: undefined,
      joinDuplicateHeaders: undefined,
      path: '/',
      _ended: false,
      res: null,
      aborted: false,
      timeoutCb: [Function: emitRequestTimeout],
      upgradeOrConnect: false,
      parser: null,
      maxHeadersCount: null,
      reusedSocket: false,
      host: 'soroban-testnet.stellar.org',
      protocol: 'https:',
      _redirectable: [Circular *1],
      Symbol(shapeMode): false,
      Symbol(kCapture): false,
      Symbol(kBytesWritten): 0,
      Symbol(kNeedDrain): false,
      Symbol(corked): 0,
      Symbol(kChunkedBuffer): [],
      Symbol(kChunkedLength): 0,
      Symbol(kSocket): [TLSSocket],
      Symbol(kOutHeaders): [Object: null prototype],
      Symbol(errored): null,
      Symbol(kHighWaterMark): 65536,
      Symbol(kRejectNonStandardBodyWrites): false,
      Symbol(kUniqueHeaders): null
    },
    _currentUrl: 'https://soroban-testnet.stellar.org/',
    _timeout: null,
    Symbol(shapeMode): true,
    Symbol(kCapture): false
  },
  [cause]: Error: getaddrinfo EAI_AGAIN soroban-testnet.stellar.org
      at GetAddrInfoReqWrap.onlookupall [as oncomplete] (node:dns:122:26) {
    errno: -3001,
    code: 'EAI_AGAIN',
    syscall: 'getaddrinfo',
    hostname: 'soroban-testnet.stellar.org'
  }
}
Error polling events: AxiosError: getaddrinfo EAI_AGAIN soroban-testnet.stellar.org
    at AxiosError.from (/home/eshan/workdump/nebula-ext/relayer/node_modules/axios/dist/node/axios.cjs:914:14)
    at RedirectableRequest.handleRequestError (/home/eshan/workdump/nebula-ext/relayer/node_modules/axios/dist/node/axios.cjs:3515:25)
    at RedirectableRequest.emit (node:events:520:35)
    at eventHandlers.<computed> (/home/eshan/workdump/nebula-ext/relayer/node_modules/follow-redirects/index.js:49:24)
    at ClientRequest.emit (node:events:508:28)
    at emitErrorEvent (node:_http_client:107:11)
    at TLSSocket.socketErrorListener (node:_http_client:574:5)
    at TLSSocket.emit (node:events:508:28)
    at emitErrorNT (node:internal/streams/destroy:170:8)
    at emitErrorCloseNT (node:internal/streams/destroy:129:3)
    at Axios.request (/home/eshan/workdump/nebula-ext/relayer/node_modules/axios/dist/node/axios.cjs:4731:41)
    at process.processTicksAndRejections (node:internal/process/task_queues:105:5) {
  hostname: 'soroban-testnet.stellar.org',
  syscall: 'getaddrinfo',
  code: 'EAI_AGAIN',
  errno: -3001,
  config: {
    transitional: {
      silentJSONParsing: true,
      forcedJSONParsing: true,
      clarifyTimeoutError: false
    },
    adapter: [ 'xhr', 'http', 'fetch' ],
    transformRequest: [ [Function: transformRequest] ],
    transformResponse: [ [Function: transformResponse] ],
    timeout: 0,
    xsrfCookieName: 'XSRF-TOKEN',
    xsrfHeaderName: 'X-XSRF-TOKEN',
    maxContentLength: -1,
    maxBodyLength: -1,
    env: { FormData: [Function], Blob: [class Blob] },
    validateStatus: [Function: validateStatus],
    headers: Object [AxiosHeaders] {
      Accept: 'application/json, text/plain, */*',
      'Content-Type': 'application/json',
      'X-Client-Name': 'js-soroban-client',
      'X-Client-Version': '12.3.0',
      'User-Agent': 'axios/1.13.2',
      'Content-Length': '211',
      'Accept-Encoding': 'gzip, compress, deflate, br'
    },
    method: 'post',
    url: 'https://soroban-testnet.stellar.org:443/',
    data: '{"jsonrpc":"2.0","id":1,"method":"getEvents","params":{"filters":[{"type":"contract","contractIds":["CAQNMNI57UZ44RV7K2T4INETCEES4W77XB3CT22Y2G6SH3SFFLPULDQW"]}],"pagination":{"limit":100},"startLedger":662680}}',
    allowAbsoluteUrls: true
  },
  request: <ref *1> Writable {
    _events: {
      close: undefined,
      error: [Function: handleRequestError],
      prefinish: undefined,
      finish: undefined,
      drain: undefined,
      response: [Function: handleResponse],
      socket: [Array],
      abort: undefined
    },
    _writableState: WritableState {
      highWaterMark: 65536,
      length: 0,
      corked: 0,
      onwrite: [Function: bound onwrite],
      writelen: 0,
      bufferedIndex: 0,
      pendingcb: 0,
      Symbol(kState): 17580812,
      Symbol(kBufferedValue): null
    },
    _maxListeners: undefined,
    _options: {
      maxRedirects: 21,
      maxBodyLength: Infinity,
      protocol: 'https:',
      path: '/',
      method: 'POST',
      headers: [Object: null prototype],
      agents: [Object],
      auth: undefined,
      family: undefined,
      beforeRedirect: [Function: dispatchBeforeRedirect],
      beforeRedirects: [Object],
      http2Options: undefined,
      hostname: 'soroban-testnet.stellar.org',
      port: '',
      agent: undefined,
      nativeProtocols: [Object],
      pathname: '/'
    },
    _ended: true,
    _ending: true,
    _redirectCount: 0,
    _redirects: [],
    _requestBodyLength: 211,
    _requestBodyBuffers: [ [Object] ],
    _eventsCount: 3,
    _onNativeResponse: [Function (anonymous)],
    _currentRequest: ClientRequest {
      _events: [Object: null prototype],
      _eventsCount: 7,
      _maxListeners: undefined,
      outputData: [],
      outputSize: 0,
      writable: true,
      destroyed: false,
      _last: false,
      chunkedEncoding: false,
      shouldKeepAlive: true,
      maxRequestsOnConnectionReached: false,
      _defaultKeepAlive: true,
      useChunkedEncodingByDefault: true,
      sendDate: false,
      _removedConnection: false,
      _removedContLen: false,
      _removedTE: false,
      strictContentLength: false,
      _contentLength: 211,
      _hasBody: true,
      _trailer: '',
      finished: true,
      _headerSent: true,
      _closed: false,
      _header: 'POST / HTTP/1.1\r\n' +
        'Accept: application/json, text/plain, */*\r\n' +
        'Content-Type: application/json\r\n' +
        'X-Client-Name: js-soroban-client\r\n' +
        'X-Client-Version: 12.3.0\r\n' +
        'User-Agent: axios/1.13.2\r\n' +
        'Content-Length: 211\r\n' +
        'Accept-Encoding: gzip, compress, deflate, br\r\n' +
        'Host: soroban-testnet.stellar.org\r\n' +
        'Connection: keep-alive\r\n' +
        '\r\n',
      _keepAliveTimeout: 0,
      _onPendingData: [Function: nop],
      agent: [Agent],
      socketPath: undefined,
      method: 'POST',
      maxHeaderSize: undefined,
      insecureHTTPParser: undefined,
      joinDuplicateHeaders: undefined,
      path: '/',
      _ended: false,
      res: null,
      aborted: false,
      timeoutCb: [Function: emitRequestTimeout],
      upgradeOrConnect: false,
      parser: null,
      maxHeadersCount: null,
      reusedSocket: false,
      host: 'soroban-testnet.stellar.org',
      protocol: 'https:',
      _redirectable: [Circular *1],
      Symbol(shapeMode): false,
      Symbol(kCapture): false,
      Symbol(kBytesWritten): 0,
      Symbol(kNeedDrain): false,
      Symbol(corked): 0,
      Symbol(kChunkedBuffer): [],
      Symbol(kChunkedLength): 0,
      Symbol(kSocket): [TLSSocket],
      Symbol(kOutHeaders): [Object: null prototype],
      Symbol(errored): null,
      Symbol(kHighWaterMark): 65536,
      Symbol(kRejectNonStandardBodyWrites): false,
      Symbol(kUniqueHeaders): null
    },
    _currentUrl: 'https://soroban-testnet.stellar.org/',
    _timeout: null,
    Symbol(shapeMode): true,
    Symbol(kCapture): false
  },
  [cause]: Error: getaddrinfo EAI_AGAIN soroban-testnet.stellar.org
      at GetAddrInfoReqWrap.onlookupall [as oncomplete] (node:dns:122:26) {
    errno: -3001,
    code: 'EAI_AGAIN',
    syscall: 'getaddrinfo',
    hostname: 'soroban-testnet.stellar.org'
  }
}
Error polling events: AxiosError: getaddrinfo EAI_AGAIN soroban-testnet.stellar.org
    at AxiosError.from (/home/eshan/workdump/nebula-ext/relayer/node_modules/axios/dist/node/axios.cjs:914:14)
    at RedirectableRequest.handleRequestError (/home/eshan/workdump/nebula-ext/relayer/node_modules/axios/dist/node/axios.cjs:3515:25)
    at RedirectableRequest.emit (node:events:520:35)
    at eventHandlers.<computed> (/home/eshan/workdump/nebula-ext/relayer/node_modules/follow-redirects/index.js:49:24)
    at ClientRequest.emit (node:events:508:28)
    at emitErrorEvent (node:_http_client:107:11)
    at TLSSocket.socketErrorListener (node:_http_client:574:5)
    at TLSSocket.emit (node:events:508:28)
    at emitErrorNT (node:internal/streams/destroy:170:8)
    at emitErrorCloseNT (node:internal/streams/destroy:129:3)
    at Axios.request (/home/eshan/workdump/nebula-ext/relayer/node_modules/axios/dist/node/axios.cjs:4731:41)
    at process.processTicksAndRejections (node:internal/process/task_queues:105:5) {
  hostname: 'soroban-testnet.stellar.org',
  syscall: 'getaddrinfo',
  code: 'EAI_AGAIN',
  errno: -3001,
  config: {
    transitional: {
      silentJSONParsing: true,
      forcedJSONParsing: true,
      clarifyTimeoutError: false
    },
    adapter: [ 'xhr', 'http', 'fetch' ],
    transformRequest: [ [Function: transformRequest] ],
    transformResponse: [ [Function: transformResponse] ],
    timeout: 0,
    xsrfCookieName: 'XSRF-TOKEN',
    xsrfHeaderName: 'X-XSRF-TOKEN',
    maxContentLength: -1,
    maxBodyLength: -1,
    env: { FormData: [Function], Blob: [class Blob] },
    validateStatus: [Function: validateStatus],
    headers: Object [AxiosHeaders] {
      Accept: 'application/json, text/plain, */*',
      'Content-Type': 'application/json',
      'X-Client-Name': 'js-soroban-client',
      'X-Client-Version': '12.3.0',
      'User-Agent': 'axios/1.13.2',
      'Content-Length': '211',
      'Accept-Encoding': 'gzip, compress, deflate, br'
    },
    method: 'post',
    url: 'https://soroban-testnet.stellar.org:443/',
    data: '{"jsonrpc":"2.0","id":1,"method":"getEvents","params":{"filters":[{"type":"contract","contractIds":["CAQNMNI57UZ44RV7K2T4INETCEES4W77XB3CT22Y2G6SH3SFFLPULDQW"]}],"pagination":{"limit":100},"startLedger":662680}}',
    allowAbsoluteUrls: true
  },
  request: <ref *1> Writable {
    _events: {
      close: undefined,
      error: [Function: handleRequestError],
      prefinish: undefined,
      finish: undefined,
      drain: undefined,
      response: [Function: handleResponse],
      socket: [Array],
      abort: undefined
    },
    _writableState: WritableState {
      highWaterMark: 65536,
      length: 0,
      corked: 0,
      onwrite: [Function: bound onwrite],
      writelen: 0,
      bufferedIndex: 0,
      pendingcb: 0,
      Symbol(kState): 17580812,
      Symbol(kBufferedValue): null
    },
    _maxListeners: undefined,
    _options: {
      maxRedirects: 21,
      maxBodyLength: Infinity,
      protocol: 'https:',
      path: '/',
      method: 'POST',
      headers: [Object: null prototype],
      agents: [Object],
      auth: undefined,
      family: undefined,
      beforeRedirect: [Function: dispatchBeforeRedirect],
      beforeRedirects: [Object],
      http2Options: undefined,
      hostname: 'soroban-testnet.stellar.org',
      port: '',
      agent: undefined,
      nativeProtocols: [Object],
      pathname: '/'
    },
    _ended: true,
    _ending: true,
    _redirectCount: 0,
    _redirects: [],
    _requestBodyLength: 211,
    _requestBodyBuffers: [ [Object] ],
    _eventsCount: 3,
    _onNativeResponse: [Function (anonymous)],
    _currentRequest: ClientRequest {
      _events: [Object: null prototype],
      _eventsCount: 7,
      _maxListeners: undefined,
      outputData: [],
      outputSize: 0,
      writable: true,
      destroyed: false,
      _last: false,
      chunkedEncoding: false,
      shouldKeepAlive: true,
      maxRequestsOnConnectionReached: false,
      _defaultKeepAlive: true,
      useChunkedEncodingByDefault: true,
      sendDate: false,
      _removedConnection: false,
      _removedContLen: false,
      _removedTE: false,
      strictContentLength: false,
      _contentLength: 211,
      _hasBody: true,
      _trailer: '',
      finished: true,
      _headerSent: true,
      _closed: false,
      _header: 'POST / HTTP/1.1\r\n' +
        'Accept: application/json, text/plain, */*\r\n' +
        'Content-Type: application/json\r\n' +
        'X-Client-Name: js-soroban-client\r\n' +
        'X-Client-Version: 12.3.0\r\n' +
        'User-Agent: axios/1.13.2\r\n' +
        'Content-Length: 211\r\n' +
        'Accept-Encoding: gzip, compress, deflate, br\r\n' +
        'Host: soroban-testnet.stellar.org\r\n' +
        'Connection: keep-alive\r\n' +
        '\r\n',
      _keepAliveTimeout: 0,
      _onPendingData: [Function: nop],
      agent: [Agent],
      socketPath: undefined,
      method: 'POST',
      maxHeaderSize: undefined,
      insecureHTTPParser: undefined,
      joinDuplicateHeaders: undefined,
      path: '/',
      _ended: false,
      res: null,
      aborted: false,
      timeoutCb: [Function: emitRequestTimeout],
      upgradeOrConnect: false,
      parser: null,
      maxHeadersCount: null,
      reusedSocket: false,
      host: 'soroban-testnet.stellar.org',
      protocol: 'https:',
      _redirectable: [Circular *1],
      Symbol(shapeMode): false,
      Symbol(kCapture): false,
      Symbol(kBytesWritten): 0,
      Symbol(kNeedDrain): false,
      Symbol(corked): 0,
      Symbol(kChunkedBuffer): [],
      Symbol(kChunkedLength): 0,
      Symbol(kSocket): [TLSSocket],
      Symbol(kOutHeaders): [Object: null prototype],
      Symbol(errored): null,
      Symbol(kHighWaterMark): 65536,
      Symbol(kRejectNonStandardBodyWrites): false,
      Symbol(kUniqueHeaders): null
    },
    _currentUrl: 'https://soroban-testnet.stellar.org/',
    _timeout: null,
    Symbol(shapeMode): true,
    Symbol(kCapture): false
  },
  [cause]: Error: getaddrinfo EAI_AGAIN soroban-testnet.stellar.org
      at GetAddrInfoReqWrap.onlookupall [as oncomplete] (node:dns:122:26) {
    errno: -3001,
    code: 'EAI_AGAIN',
    syscall: 'getaddrinfo',
    hostname: 'soroban-testnet.stellar.org'
  }
}
Error polling events: AxiosError: getaddrinfo EAI_AGAIN soroban-testnet.stellar.org
    at AxiosError.from (/home/eshan/workdump/nebula-ext/relayer/node_modules/axios/dist/node/axios.cjs:914:14)
    at RedirectableRequest.handleRequestError (/home/eshan/workdump/nebula-ext/relayer/node_modules/axios/dist/node/axios.cjs:3515:25)
    at RedirectableRequest.emit (node:events:520:35)
    at eventHandlers.<computed> (/home/eshan/workdump/nebula-ext/relayer/node_modules/follow-redirects/index.js:49:24)
    at ClientRequest.emit (node:events:508:28)
    at emitErrorEvent (node:_http_client:107:11)
    at TLSSocket.socketErrorListener (node:_http_client:574:5)
    at TLSSocket.emit (node:events:508:28)
    at emitErrorNT (node:internal/streams/destroy:170:8)
    at emitErrorCloseNT (node:internal/streams/destroy:129:3)
    at Axios.request (/home/eshan/workdump/nebula-ext/relayer/node_modules/axios/dist/node/axios.cjs:4731:41)
    at process.processTicksAndRejections (node:internal/process/task_queues:105:5) {
  hostname: 'soroban-testnet.stellar.org',
  syscall: 'getaddrinfo',
  code: 'EAI_AGAIN',
  errno: -3001,
  config: {
    transitional: {
      silentJSONParsing: true,
      forcedJSONParsing: true,
      clarifyTimeoutError: false
    },
    adapter: [ 'xhr', 'http', 'fetch' ],
    transformRequest: [ [Function: transformRequest] ],
    transformResponse: [ [Function: transformResponse] ],
    timeout: 0,
    xsrfCookieName: 'XSRF-TOKEN',
    xsrfHeaderName: 'X-XSRF-TOKEN',
    maxContentLength: -1,
    maxBodyLength: -1,
    env: { FormData: [Function], Blob: [class Blob] },
    validateStatus: [Function: validateStatus],
    headers: Object [AxiosHeaders] {
      Accept: 'application/json, text/plain, */*',
      'Content-Type': 'application/json',
      'X-Client-Name': 'js-soroban-client',
      'X-Client-Version': '12.3.0',
      'User-Agent': 'axios/1.13.2',
      'Content-Length': '211',
      'Accept-Encoding': 'gzip, compress, deflate, br'
    },
    method: 'post',
    url: 'https://soroban-testnet.stellar.org:443/',
    data: '{"jsonrpc":"2.0","id":1,"method":"getEvents","params":{"filters":[{"type":"contract","contractIds":["CAQNMNI57UZ44RV7K2T4INETCEES4W77XB3CT22Y2G6SH3SFFLPULDQW"]}],"pagination":{"limit":100},"startLedger":662680}}',
    allowAbsoluteUrls: true
  },
  request: <ref *1> Writable {
    _events: {
      close: undefined,
      error: [Function: handleRequestError],
      prefinish: undefined,
      finish: undefined,
      drain: undefined,
      response: [Function: handleResponse],
      socket: [Array],
      abort: undefined
    },
    _writableState: WritableState {
      highWaterMark: 65536,
      length: 0,
      corked: 0,
      onwrite: [Function: bound onwrite],
      writelen: 0,
      bufferedIndex: 0,
      pendingcb: 0,
      Symbol(kState): 17580812,
      Symbol(kBufferedValue): null
    },
    _maxListeners: undefined,
    _options: {
      maxRedirects: 21,
      maxBodyLength: Infinity,
      protocol: 'https:',
      path: '/',
      method: 'POST',
      headers: [Object: null prototype],
      agents: [Object],
      auth: undefined,
      family: undefined,
      beforeRedirect: [Function: dispatchBeforeRedirect],
      beforeRedirects: [Object],
      http2Options: undefined,
      hostname: 'soroban-testnet.stellar.org',
      port: '',
      agent: undefined,
      nativeProtocols: [Object],
      pathname: '/'
    },
    _ended: true,
    _ending: true,
    _redirectCount: 0,
    _redirects: [],
    _requestBodyLength: 211,
    _requestBodyBuffers: [ [Object] ],
    _eventsCount: 3,
    _onNativeResponse: [Function (anonymous)],
    _currentRequest: ClientRequest {
      _events: [Object: null prototype],
      _eventsCount: 7,
      _maxListeners: undefined,
      outputData: [],
      outputSize: 0,
      writable: true,
      destroyed: false,
      _last: false,
      chunkedEncoding: false,
      shouldKeepAlive: true,
      maxRequestsOnConnectionReached: false,
      _defaultKeepAlive: true,
      useChunkedEncodingByDefault: true,
      sendDate: false,
      _removedConnection: false,
      _removedContLen: false,
      _removedTE: false,
      strictContentLength: false,
      _contentLength: 211,
      _hasBody: true,
      _trailer: '',
      finished: true,
      _headerSent: true,
      _closed: false,
      _header: 'POST / HTTP/1.1\r\n' +
        'Accept: application/json, text/plain, */*\r\n' +
        'Content-Type: application/json\r\n' +
        'X-Client-Name: js-soroban-client\r\n' +
        'X-Client-Version: 12.3.0\r\n' +
        'User-Agent: axios/1.13.2\r\n' +
        'Content-Length: 211\r\n' +
        'Accept-Encoding: gzip, compress, deflate, br\r\n' +
        'Host: soroban-testnet.stellar.org\r\n' +
        'Connection: keep-alive\r\n' +
        '\r\n',
      _keepAliveTimeout: 0,
      _onPendingData: [Function: nop],
      agent: [Agent],
      socketPath: undefined,
      method: 'POST',
      maxHeaderSize: undefined,
      insecureHTTPParser: undefined,
      joinDuplicateHeaders: undefined,
      path: '/',
      _ended: false,
      res: null,
      aborted: false,
      timeoutCb: [Function: emitRequestTimeout],
      upgradeOrConnect: false,
      parser: null,
      maxHeadersCount: null,
      reusedSocket: false,
      host: 'soroban-testnet.stellar.org',
      protocol: 'https:',
      _redirectable: [Circular *1],
      Symbol(shapeMode): false,
      Symbol(kCapture): false,
      Symbol(kBytesWritten): 0,
      Symbol(kNeedDrain): false,
      Symbol(corked): 0,
      Symbol(kChunkedBuffer): [],
      Symbol(kChunkedLength): 0,
      Symbol(kSocket): [TLSSocket],
      Symbol(kOutHeaders): [Object: null prototype],
      Symbol(errored): null,
      Symbol(kHighWaterMark): 65536,
      Symbol(kRejectNonStandardBodyWrites): false,
      Symbol(kUniqueHeaders): null
    },
    _currentUrl: 'https://soroban-testnet.stellar.org/',
    _timeout: null,
    Symbol(shapeMode): true,
    Symbol(kCapture): false
  },
  [cause]: Error: getaddrinfo EAI_AGAIN soroban-testnet.stellar.org
      at GetAddrInfoReqWrap.onlookupall [as oncomplete] (node:dns:122:26) {
    errno: -3001,
    code: 'EAI_AGAIN',
    syscall: 'getaddrinfo',
    hostname: 'soroban-testnet.stellar.org'
  }
}
Error polling events: AxiosError: getaddrinfo EAI_AGAIN soroban-testnet.stellar.org
    at AxiosError.from (/home/eshan/workdump/nebula-ext/relayer/node_modules/axios/dist/node/axios.cjs:914:14)
    at RedirectableRequest.handleRequestError (/home/eshan/workdump/nebula-ext/relayer/node_modules/axios/dist/node/axios.cjs:3515:25)
    at RedirectableRequest.emit (node:events:520:35)
    at eventHandlers.<computed> (/home/eshan/workdump/nebula-ext/relayer/node_modules/follow-redirects/index.js:49:24)
    at ClientRequest.emit (node:events:508:28)
    at emitErrorEvent (node:_http_client:107:11)
    at TLSSocket.socketErrorListener (node:_http_client:574:5)
    at TLSSocket.emit (node:events:508:28)
    at emitErrorNT (node:internal/streams/destroy:170:8)
    at emitErrorCloseNT (node:internal/streams/destroy:129:3)
    at Axios.request (/home/eshan/workdump/nebula-ext/relayer/node_modules/axios/dist/node/axios.cjs:4731:41)
    at process.processTicksAndRejections (node:internal/process/task_queues:105:5) {
  hostname: 'soroban-testnet.stellar.org',
  syscall: 'getaddrinfo',
  code: 'EAI_AGAIN',
  errno: -3001,
  config: {
    transitional: {
      silentJSONParsing: true,
      forcedJSONParsing: true,
      clarifyTimeoutError: false
    },
    adapter: [ 'xhr', 'http', 'fetch' ],
    transformRequest: [ [Function: transformRequest] ],
    transformResponse: [ [Function: transformResponse] ],
    timeout: 0,
    xsrfCookieName: 'XSRF-TOKEN',
    xsrfHeaderName: 'X-XSRF-TOKEN',
    maxContentLength: -1,
    maxBodyLength: -1,
    env: { FormData: [Function], Blob: [class Blob] },
    validateStatus: [Function: validateStatus],
    headers: Object [AxiosHeaders] {
      Accept: 'application/json, text/plain, */*',
      'Content-Type': 'application/json',
      'X-Client-Name': 'js-soroban-client',
      'X-Client-Version': '12.3.0',
      'User-Agent': 'axios/1.13.2',
      'Content-Length': '211',
      'Accept-Encoding': 'gzip, compress, deflate, br'
    },
    method: 'post',
    url: 'https://soroban-testnet.stellar.org:443/',
    data: '{"jsonrpc":"2.0","id":1,"method":"getEvents","params":{"filters":[{"type":"contract","contractIds":["CAQNMNI57UZ44RV7K2T4INETCEES4W77XB3CT22Y2G6SH3SFFLPULDQW"]}],"pagination":{"limit":100},"startLedger":662680}}',
    allowAbsoluteUrls: true
  },
  request: <ref *1> Writable {
    _events: {
      close: undefined,
      error: [Function: handleRequestError],
      prefinish: undefined,
      finish: undefined,
      drain: undefined,
      response: [Function: handleResponse],
      socket: [Array],
      abort: undefined
    },
    _writableState: WritableState {
      highWaterMark: 65536,
      length: 0,
      corked: 0,
      onwrite: [Function: bound onwrite],
      writelen: 0,
      bufferedIndex: 0,
      pendingcb: 0,
      Symbol(kState): 17580812,
      Symbol(kBufferedValue): null
    },
    _maxListeners: undefined,
    _options: {
      maxRedirects: 21,
      maxBodyLength: Infinity,
      protocol: 'https:',
      path: '/',
      method: 'POST',
      headers: [Object: null prototype],
      agents: [Object],
      auth: undefined,
      family: undefined,
      beforeRedirect: [Function: dispatchBeforeRedirect],
      beforeRedirects: [Object],
      http2Options: undefined,
      hostname: 'soroban-testnet.stellar.org',
      port: '',
      agent: undefined,
      nativeProtocols: [Object],
      pathname: '/'
    },
    _ended: true,
    _ending: true,
    _redirectCount: 0,
    _redirects: [],
    _requestBodyLength: 211,
    _requestBodyBuffers: [ [Object] ],
    _eventsCount: 3,
    _onNativeResponse: [Function (anonymous)],
    _currentRequest: ClientRequest {
      _events: [Object: null prototype],
      _eventsCount: 7,
      _maxListeners: undefined,
      outputData: [],
      outputSize: 0,
      writable: true,
      destroyed: false,
      _last: false,
      chunkedEncoding: false,
      shouldKeepAlive: true,
      maxRequestsOnConnectionReached: false,
      _defaultKeepAlive: true,
      useChunkedEncodingByDefault: true,
      sendDate: false,
      _removedConnection: false,
      _removedContLen: false,
      _removedTE: false,
      strictContentLength: false,
      _contentLength: 211,
      _hasBody: true,
      _trailer: '',
      finished: true,
      _headerSent: true,
      _closed: false,
      _header: 'POST / HTTP/1.1\r\n' +
        'Accept: application/json, text/plain, */*\r\n' +
        'Content-Type: application/json\r\n' +
        'X-Client-Name: js-soroban-client\r\n' +
        'X-Client-Version: 12.3.0\r\n' +
        'User-Agent: axios/1.13.2\r\n' +
        'Content-Length: 211\r\n' +
        'Accept-Encoding: gzip, compress, deflate, br\r\n' +
        'Host: soroban-testnet.stellar.org\r\n' +
        'Connection: keep-alive\r\n' +
        '\r\n',
      _keepAliveTimeout: 0,
      _onPendingData: [Function: nop],
      agent: [Agent],
      socketPath: undefined,
      method: 'POST',
      maxHeaderSize: undefined,
      insecureHTTPParser: undefined,
      joinDuplicateHeaders: undefined,
      path: '/',
      _ended: false,
      res: null,
      aborted: false,
      timeoutCb: [Function: emitRequestTimeout],
      upgradeOrConnect: false,
      parser: null,
      maxHeadersCount: null,
      reusedSocket: false,
      host: 'soroban-testnet.stellar.org',
      protocol: 'https:',
      _redirectable: [Circular *1],
      Symbol(shapeMode): false,
      Symbol(kCapture): false,
      Symbol(kBytesWritten): 0,
      Symbol(kNeedDrain): false,
      Symbol(corked): 0,
      Symbol(kChunkedBuffer): [],
      Symbol(kChunkedLength): 0,
      Symbol(kSocket): [TLSSocket],
      Symbol(kOutHeaders): [Object: null prototype],
      Symbol(errored): null,
      Symbol(kHighWaterMark): 65536,
      Symbol(kRejectNonStandardBodyWrites): false,
      Symbol(kUniqueHeaders): null
    },
    _currentUrl: 'https://soroban-testnet.stellar.org/',
    _timeout: null,
    Symbol(shapeMode): true,
    Symbol(kCapture): false
  },
  [cause]: Error: getaddrinfo EAI_AGAIN soroban-testnet.stellar.org
      at GetAddrInfoReqWrap.onlookupall [as oncomplete] (node:dns:122:26) {
    errno: -3001,
    code: 'EAI_AGAIN',
    syscall: 'getaddrinfo',
    hostname: 'soroban-testnet.stellar.org'
  }
}
Error polling events: AxiosError: getaddrinfo EAI_AGAIN soroban-testnet.stellar.org
    at AxiosError.from (/home/eshan/workdump/nebula-ext/relayer/node_modules/axios/dist/node/axios.cjs:914:14)
    at RedirectableRequest.handleRequestError (/home/eshan/workdump/nebula-ext/relayer/node_modules/axios/dist/node/axios.cjs:3515:25)
    at RedirectableRequest.emit (node:events:520:35)
    at eventHandlers.<computed> (/home/eshan/workdump/nebula-ext/relayer/node_modules/follow-redirects/index.js:49:24)
    at ClientRequest.emit (node:events:508:28)
    at emitErrorEvent (node:_http_client:107:11)
    at TLSSocket.socketErrorListener (node:_http_client:574:5)
    at TLSSocket.emit (node:events:508:28)
    at emitErrorNT (node:internal/streams/destroy:170:8)
    at emitErrorCloseNT (node:internal/streams/destroy:129:3)
    at Axios.request (/home/eshan/workdump/nebula-ext/relayer/node_modules/axios/dist/node/axios.cjs:4731:41)
    at process.processTicksAndRejections (node:internal/process/task_queues:105:5) {
  hostname: 'soroban-testnet.stellar.org',
  syscall: 'getaddrinfo',
  code: 'EAI_AGAIN',
  errno: -3001,
  config: {
    transitional: {
      silentJSONParsing: true,
      forcedJSONParsing: true,
      clarifyTimeoutError: false
    },
    adapter: [ 'xhr', 'http', 'fetch' ],
    transformRequest: [ [Function: transformRequest] ],
    transformResponse: [ [Function: transformResponse] ],
    timeout: 0,
    xsrfCookieName: 'XSRF-TOKEN',
    xsrfHeaderName: 'X-XSRF-TOKEN',
    maxContentLength: -1,
    maxBodyLength: -1,
    env: { FormData: [Function], Blob: [class Blob] },
    validateStatus: [Function: validateStatus],
    headers: Object [AxiosHeaders] {
      Accept: 'application/json, text/plain, */*',
      'Content-Type': 'application/json',
      'X-Client-Name': 'js-soroban-client',
      'X-Client-Version': '12.3.0',
      'User-Agent': 'axios/1.13.2',
      'Content-Length': '211',
      'Accept-Encoding': 'gzip, compress, deflate, br'
    },
    method: 'post',
    url: 'https://soroban-testnet.stellar.org:443/',
    data: '{"jsonrpc":"2.0","id":1,"method":"getEvents","params":{"filters":[{"type":"contract","contractIds":["CAQNMNI57UZ44RV7K2T4INETCEES4W77XB3CT22Y2G6SH3SFFLPULDQW"]}],"pagination":{"limit":100},"startLedger":662680}}',
    allowAbsoluteUrls: true
  },
  request: <ref *1> Writable {
    _events: {
      close: undefined,
      error: [Function: handleRequestError],
      prefinish: undefined,
      finish: undefined,
      drain: undefined,
      response: [Function: handleResponse],
      socket: [Array],
      abort: undefined
    },
    _writableState: WritableState {
      highWaterMark: 65536,
      length: 0,
      corked: 0,
      onwrite: [Function: bound onwrite],
      writelen: 0,
      bufferedIndex: 0,
      pendingcb: 0,
      Symbol(kState): 17580812,
      Symbol(kBufferedValue): null
    },
    _maxListeners: undefined,
    _options: {
      maxRedirects: 21,
      maxBodyLength: Infinity,
      protocol: 'https:',
      path: '/',
      method: 'POST',
      headers: [Object: null prototype],
      agents: [Object],
      auth: undefined,
      family: undefined,
      beforeRedirect: [Function: dispatchBeforeRedirect],
      beforeRedirects: [Object],
      http2Options: undefined,
      hostname: 'soroban-testnet.stellar.org',
      port: '',
      agent: undefined,
      nativeProtocols: [Object],
      pathname: '/'
    },
    _ended: true,
    _ending: true,
    _redirectCount: 0,
    _redirects: [],
    _requestBodyLength: 211,
    _requestBodyBuffers: [ [Object] ],
    _eventsCount: 3,
    _onNativeResponse: [Function (anonymous)],
    _currentRequest: ClientRequest {
      _events: [Object: null prototype],
      _eventsCount: 7,
      _maxListeners: undefined,
      outputData: [],
      outputSize: 0,
      writable: true,
      destroyed: false,
      _last: false,
      chunkedEncoding: false,
      shouldKeepAlive: true,
      maxRequestsOnConnectionReached: false,
      _defaultKeepAlive: true,
      useChunkedEncodingByDefault: true,
      sendDate: false,
      _removedConnection: false,
      _removedContLen: false,
      _removedTE: false,
      strictContentLength: false,
      _contentLength: 211,
      _hasBody: true,
      _trailer: '',
      finished: true,
      _headerSent: true,
      _closed: false,
      _header: 'POST / HTTP/1.1\r\n' +
        'Accept: application/json, text/plain, */*\r\n' +
        'Content-Type: application/json\r\n' +
        'X-Client-Name: js-soroban-client\r\n' +
        'X-Client-Version: 12.3.0\r\n' +
        'User-Agent: axios/1.13.2\r\n' +
        'Content-Length: 211\r\n' +
        'Accept-Encoding: gzip, compress, deflate, br\r\n' +
        'Host: soroban-testnet.stellar.org\r\n' +
        'Connection: keep-alive\r\n' +
        '\r\n',
      _keepAliveTimeout: 0,
      _onPendingData: [Function: nop],
      agent: [Agent],
      socketPath: undefined,
      method: 'POST',
      maxHeaderSize: undefined,
      insecureHTTPParser: undefined,
      joinDuplicateHeaders: undefined,
      path: '/',
      _ended: false,
      res: null,
      aborted: false,
      timeoutCb: [Function: emitRequestTimeout],
      upgradeOrConnect: false,
      parser: null,
      maxHeadersCount: null,
      reusedSocket: false,
      host: 'soroban-testnet.stellar.org',
      protocol: 'https:',
      _redirectable: [Circular *1],
      Symbol(shapeMode): false,
      Symbol(kCapture): false,
      Symbol(kBytesWritten): 0,
      Symbol(kNeedDrain): false,
      Symbol(corked): 0,
      Symbol(kChunkedBuffer): [],
      Symbol(kChunkedLength): 0,
      Symbol(kSocket): [TLSSocket],
      Symbol(kOutHeaders): [Object: null prototype],
      Symbol(errored): null,
      Symbol(kHighWaterMark): 65536,
      Symbol(kRejectNonStandardBodyWrites): false,
      Symbol(kUniqueHeaders): null
    },
    _currentUrl: 'https://soroban-testnet.stellar.org/',
    _timeout: null,
    Symbol(shapeMode): true,
    Symbol(kCapture): false
  },
  [cause]: Error: getaddrinfo EAI_AGAIN soroban-testnet.stellar.org
      at GetAddrInfoReqWrap.onlookupall [as oncomplete] (node:dns:122:26) {
    errno: -3001,
    code: 'EAI_AGAIN',
    syscall: 'getaddrinfo',
    hostname: 'soroban-testnet.stellar.org'
  }
}
Error polling events: AxiosError: getaddrinfo EAI_AGAIN soroban-testnet.stellar.org
    at AxiosError.from (/home/eshan/workdump/nebula-ext/relayer/node_modules/axios/dist/node/axios.cjs:914:14)
    at RedirectableRequest.handleRequestError (/home/eshan/workdump/nebula-ext/relayer/node_modules/axios/dist/node/axios.cjs:3515:25)
    at RedirectableRequest.emit (node:events:520:35)
    at eventHandlers.<computed> (/home/eshan/workdump/nebula-ext/relayer/node_modules/follow-redirects/index.js:49:24)
    at ClientRequest.emit (node:events:508:28)
    at emitErrorEvent (node:_http_client:107:11)
    at TLSSocket.socketErrorListener (node:_http_client:574:5)
    at TLSSocket.emit (node:events:508:28)
    at emitErrorNT (node:internal/streams/destroy:170:8)
    at emitErrorCloseNT (node:internal/streams/destroy:129:3)
    at Axios.request (/home/eshan/workdump/nebula-ext/relayer/node_modules/axios/dist/node/axios.cjs:4731:41)
    at process.processTicksAndRejections (node:internal/process/task_queues:105:5) {
  hostname: 'soroban-testnet.stellar.org',
  syscall: 'getaddrinfo',
  code: 'EAI_AGAIN',
  errno: -3001,
  config: {
    transitional: {
      silentJSONParsing: true,
      forcedJSONParsing: true,
      clarifyTimeoutError: false
    },
    adapter: [ 'xhr', 'http', 'fetch' ],
    transformRequest: [ [Function: transformRequest] ],
    transformResponse: [ [Function: transformResponse] ],
    timeout: 0,
    xsrfCookieName: 'XSRF-TOKEN',
    xsrfHeaderName: 'X-XSRF-TOKEN',
    maxContentLength: -1,
    maxBodyLength: -1,
    env: { FormData: [Function], Blob: [class Blob] },
    validateStatus: [Function: validateStatus],
    headers: Object [AxiosHeaders] {
      Accept: 'application/json, text/plain, */*',
      'Content-Type': 'application/json',
      'X-Client-Name': 'js-soroban-client',
      'X-Client-Version': '12.3.0',
      'User-Agent': 'axios/1.13.2',
      'Content-Length': '211',
      'Accept-Encoding': 'gzip, compress, deflate, br'
    },
    method: 'post',
    url: 'https://soroban-testnet.stellar.org:443/',
    data: '{"jsonrpc":"2.0","id":1,"method":"getEvents","params":{"filters":[{"type":"contract","contractIds":["CAQNMNI57UZ44RV7K2T4INETCEES4W77XB3CT22Y2G6SH3SFFLPULDQW"]}],"pagination":{"limit":100},"startLedger":662680}}',
    allowAbsoluteUrls: true
  },
  request: <ref *1> Writable {
    _events: {
      close: undefined,
      error: [Function: handleRequestError],
      prefinish: undefined,
      finish: undefined,
      drain: undefined,
      response: [Function: handleResponse],
      socket: [Array],
      abort: undefined
    },
    _writableState: WritableState {
      highWaterMark: 65536,
      length: 0,
      corked: 0,
      onwrite: [Function: bound onwrite],
      writelen: 0,
      bufferedIndex: 0,
      pendingcb: 0,
      Symbol(kState): 17580812,
      Symbol(kBufferedValue): null
    },
    _maxListeners: undefined,
    _options: {
      maxRedirects: 21,
      maxBodyLength: Infinity,
      protocol: 'https:',
      path: '/',
      method: 'POST',
      headers: [Object: null prototype],
      agents: [Object],
      auth: undefined,
      family: undefined,
      beforeRedirect: [Function: dispatchBeforeRedirect],
      beforeRedirects: [Object],
      http2Options: undefined,
      hostname: 'soroban-testnet.stellar.org',
      port: '',
      agent: undefined,
      nativeProtocols: [Object],
      pathname: '/'
    },
    _ended: true,
    _ending: true,
    _redirectCount: 0,
    _redirects: [],
    _requestBodyLength: 211,
    _requestBodyBuffers: [ [Object] ],
    _eventsCount: 3,
    _onNativeResponse: [Function (anonymous)],
    _currentRequest: ClientRequest {
      _events: [Object: null prototype],
      _eventsCount: 7,
      _maxListeners: undefined,
      outputData: [],
      outputSize: 0,
      writable: true,
      destroyed: false,
      _last: false,
      chunkedEncoding: false,
      shouldKeepAlive: true,
      maxRequestsOnConnectionReached: false,
      _defaultKeepAlive: true,
      useChunkedEncodingByDefault: true,
      sendDate: false,
      _removedConnection: false,
      _removedContLen: false,
      _removedTE: false,
      strictContentLength: false,
      _contentLength: 211,
      _hasBody: true,
      _trailer: '',
      finished: true,
      _headerSent: true,
      _closed: false,
      _header: 'POST / HTTP/1.1\r\n' +
        'Accept: application/json, text/plain, */*\r\n' +
        'Content-Type: application/json\r\n' +
        'X-Client-Name: js-soroban-client\r\n' +
        'X-Client-Version: 12.3.0\r\n' +
        'User-Agent: axios/1.13.2\r\n' +
        'Content-Length: 211\r\n' +
        'Accept-Encoding: gzip, compress, deflate, br\r\n' +
        'Host: soroban-testnet.stellar.org\r\n' +
        'Connection: keep-alive\r\n' +
        '\r\n',
      _keepAliveTimeout: 0,
      _onPendingData: [Function: nop],
      agent: [Agent],
      socketPath: undefined,
      method: 'POST',
      maxHeaderSize: undefined,
      insecureHTTPParser: undefined,
      joinDuplicateHeaders: undefined,
      path: '/',
      _ended: false,
      res: null,
      aborted: false,
      timeoutCb: [Function: emitRequestTimeout],
      upgradeOrConnect: false,
      parser: null,
      maxHeadersCount: null,
      reusedSocket: false,
      host: 'soroban-testnet.stellar.org',
      protocol: 'https:',
      _redirectable: [Circular *1],
      Symbol(shapeMode): false,
      Symbol(kCapture): false,
      Symbol(kBytesWritten): 0,
      Symbol(kNeedDrain): false,
      Symbol(corked): 0,
      Symbol(kChunkedBuffer): [],
      Symbol(kChunkedLength): 0,
      Symbol(kSocket): [TLSSocket],
      Symbol(kOutHeaders): [Object: null prototype],
      Symbol(errored): null,
      Symbol(kHighWaterMark): 65536,
      Symbol(kRejectNonStandardBodyWrites): false,
      Symbol(kUniqueHeaders): null
    },
    _currentUrl: 'https://soroban-testnet.stellar.org/',
    _timeout: null,
    Symbol(shapeMode): true,
    Symbol(kCapture): false
  },
  [cause]: Error: getaddrinfo EAI_AGAIN soroban-testnet.stellar.org
      at GetAddrInfoReqWrap.onlookupall [as oncomplete] (node:dns:122:26) {
    errno: -3001,
    code: 'EAI_AGAIN',
    syscall: 'getaddrinfo',
    hostname: 'soroban-testnet.stellar.org'
  }
}
Error polling events: AxiosError: getaddrinfo EAI_AGAIN soroban-testnet.stellar.org
    at AxiosError.from (/home/eshan/workdump/nebula-ext/relayer/node_modules/axios/dist/node/axios.cjs:914:14)
    at RedirectableRequest.handleRequestError (/home/eshan/workdump/nebula-ext/relayer/node_modules/axios/dist/node/axios.cjs:3515:25)
    at RedirectableRequest.emit (node:events:520:35)
    at eventHandlers.<computed> (/home/eshan/workdump/nebula-ext/relayer/node_modules/follow-redirects/index.js:49:24)
    at ClientRequest.emit (node:events:508:28)
    at emitErrorEvent (node:_http_client:107:11)
    at TLSSocket.socketErrorListener (node:_http_client:574:5)
    at TLSSocket.emit (node:events:508:28)
    at emitErrorNT (node:internal/streams/destroy:170:8)
    at emitErrorCloseNT (node:internal/streams/destroy:129:3)
    at Axios.request (/home/eshan/workdump/nebula-ext/relayer/node_modules/axios/dist/node/axios.cjs:4731:41)
    at process.processTicksAndRejections (node:internal/process/task_queues:105:5) {
  hostname: 'soroban-testnet.stellar.org',
  syscall: 'getaddrinfo',
  code: 'EAI_AGAIN',
  errno: -3001,
  config: {
    transitional: {
      silentJSONParsing: true,
      forcedJSONParsing: true,
      clarifyTimeoutError: false
    },
    adapter: [ 'xhr', 'http', 'fetch' ],
    transformRequest: [ [Function: transformRequest] ],
    transformResponse: [ [Function: transformResponse] ],
    timeout: 0,
    xsrfCookieName: 'XSRF-TOKEN',
    xsrfHeaderName: 'X-XSRF-TOKEN',
    maxContentLength: -1,
    maxBodyLength: -1,
    env: { FormData: [Function], Blob: [class Blob] },
    validateStatus: [Function: validateStatus],
    headers: Object [AxiosHeaders] {
      Accept: 'application/json, text/plain, */*',
      'Content-Type': 'application/json',
      'X-Client-Name': 'js-soroban-client',
      'X-Client-Version': '12.3.0',
      'User-Agent': 'axios/1.13.2',
      'Content-Length': '211',
      'Accept-Encoding': 'gzip, compress, deflate, br'
    },
    method: 'post',
    url: 'https://soroban-testnet.stellar.org:443/',
    data: '{"jsonrpc":"2.0","id":1,"method":"getEvents","params":{"filters":[{"type":"contract","contractIds":["CAQNMNI57UZ44RV7K2T4INETCEES4W77XB3CT22Y2G6SH3SFFLPULDQW"]}],"pagination":{"limit":100},"startLedger":662680}}',
    allowAbsoluteUrls: true
  },
  request: <ref *1> Writable {
    _events: {
      close: undefined,
      error: [Function: handleRequestError],
      prefinish: undefined,
      finish: undefined,
      drain: undefined,
      response: [Function: handleResponse],
      socket: [Array],
      abort: undefined
    },
    _writableState: WritableState {
      highWaterMark: 65536,
      length: 0,
      corked: 0,
      onwrite: [Function: bound onwrite],
      writelen: 0,
      bufferedIndex: 0,
      pendingcb: 0,
      Symbol(kState): 17580812,
      Symbol(kBufferedValue): null
    },
    _maxListeners: undefined,
    _options: {
      maxRedirects: 21,
      maxBodyLength: Infinity,
      protocol: 'https:',
      path: '/',
      method: 'POST',
      headers: [Object: null prototype],
      agents: [Object],
      auth: undefined,
      family: undefined,
      beforeRedirect: [Function: dispatchBeforeRedirect],
      beforeRedirects: [Object],
      http2Options: undefined,
      hostname: 'soroban-testnet.stellar.org',
      port: '',
      agent: undefined,
      nativeProtocols: [Object],
      pathname: '/'
    },
    _ended: true,
    _ending: true,
    _redirectCount: 0,
    _redirects: [],
    _requestBodyLength: 211,
    _requestBodyBuffers: [ [Object] ],
    _eventsCount: 3,
    _onNativeResponse: [Function (anonymous)],
    _currentRequest: ClientRequest {
      _events: [Object: null prototype],
      _eventsCount: 7,
      _maxListeners: undefined,
      outputData: [],
      outputSize: 0,
      writable: true,
      destroyed: false,
      _last: false,
      chunkedEncoding: false,
      shouldKeepAlive: true,
      maxRequestsOnConnectionReached: false,
      _defaultKeepAlive: true,
      useChunkedEncodingByDefault: true,
      sendDate: false,
      _removedConnection: false,
      _removedContLen: false,
      _removedTE: false,
      strictContentLength: false,
      _contentLength: 211,
      _hasBody: true,
      _trailer: '',
      finished: true,
      _headerSent: true,
      _closed: false,
      _header: 'POST / HTTP/1.1\r\n' +
        'Accept: application/json, text/plain, */*\r\n' +
        'Content-Type: application/json\r\n' +
        'X-Client-Name: js-soroban-client\r\n' +
        'X-Client-Version: 12.3.0\r\n' +
        'User-Agent: axios/1.13.2\r\n' +
        'Content-Length: 211\r\n' +
        'Accept-Encoding: gzip, compress, deflate, br\r\n' +
        'Host: soroban-testnet.stellar.org\r\n' +
        'Connection: keep-alive\r\n' +
        '\r\n',
      _keepAliveTimeout: 0,
      _onPendingData: [Function: nop],
      agent: [Agent],
      socketPath: undefined,
      method: 'POST',
      maxHeaderSize: undefined,
      insecureHTTPParser: undefined,
      joinDuplicateHeaders: undefined,
      path: '/',
      _ended: false,
      res: null,
      aborted: false,
      timeoutCb: [Function: emitRequestTimeout],
      upgradeOrConnect: false,
      parser: null,
      maxHeadersCount: null,
      reusedSocket: false,
      host: 'soroban-testnet.stellar.org',
      protocol: 'https:',
      _redirectable: [Circular *1],
      Symbol(shapeMode): false,
      Symbol(kCapture): false,
      Symbol(kBytesWritten): 0,
      Symbol(kNeedDrain): false,
      Symbol(corked): 0,
      Symbol(kChunkedBuffer): [],
      Symbol(kChunkedLength): 0,
      Symbol(kSocket): [TLSSocket],
      Symbol(kOutHeaders): [Object: null prototype],
      Symbol(errored): null,
      Symbol(kHighWaterMark): 65536,
      Symbol(kRejectNonStandardBodyWrites): false,
      Symbol(kUniqueHeaders): null
    },
    _currentUrl: 'https://soroban-testnet.stellar.org/',
    _timeout: null,
    Symbol(shapeMode): true,
    Symbol(kCapture): false
  },
  [cause]: Error: getaddrinfo EAI_AGAIN soroban-testnet.stellar.org
      at GetAddrInfoReqWrap.onlookupall [as oncomplete] (node:dns:122:26) {
    errno: -3001,
    code: 'EAI_AGAIN',
    syscall: 'getaddrinfo',
    hostname: 'soroban-testnet.stellar.org'
  }
}
Error polling events: AxiosError: getaddrinfo EAI_AGAIN soroban-testnet.stellar.org
    at AxiosError.from (/home/eshan/workdump/nebula-ext/relayer/node_modules/axios/dist/node/axios.cjs:914:14)
    at RedirectableRequest.handleRequestError (/home/eshan/workdump/nebula-ext/relayer/node_modules/axios/dist/node/axios.cjs:3515:25)
    at RedirectableRequest.emit (node:events:520:35)
    at eventHandlers.<computed> (/home/eshan/workdump/nebula-ext/relayer/node_modules/follow-redirects/index.js:49:24)
    at ClientRequest.emit (node:events:508:28)
    at emitErrorEvent (node:_http_client:107:11)
    at TLSSocket.socketErrorListener (node:_http_client:574:5)
    at TLSSocket.emit (node:events:508:28)
    at emitErrorNT (node:internal/streams/destroy:170:8)
    at emitErrorCloseNT (node:internal/streams/destroy:129:3)
    at Axios.request (/home/eshan/workdump/nebula-ext/relayer/node_modules/axios/dist/node/axios.cjs:4731:41)
    at process.processTicksAndRejections (node:internal/process/task_queues:105:5) {
  hostname: 'soroban-testnet.stellar.org',
  syscall: 'getaddrinfo',
  code: 'EAI_AGAIN',
  errno: -3001,
  config: {
    transitional: {
      silentJSONParsing: true,
      forcedJSONParsing: true,
      clarifyTimeoutError: false
    },
    adapter: [ 'xhr', 'http', 'fetch' ],
    transformRequest: [ [Function: transformRequest] ],
    transformResponse: [ [Function: transformResponse] ],
    timeout: 0,
    xsrfCookieName: 'XSRF-TOKEN',
    xsrfHeaderName: 'X-XSRF-TOKEN',
    maxContentLength: -1,
    maxBodyLength: -1,
    env: { FormData: [Function], Blob: [class Blob] },
    validateStatus: [Function: validateStatus],
    headers: Object [AxiosHeaders] {
      Accept: 'application/json, text/plain, */*',
      'Content-Type': 'application/json',
      'X-Client-Name': 'js-soroban-client',
      'X-Client-Version': '12.3.0',
      'User-Agent': 'axios/1.13.2',
      'Content-Length': '211',
      'Accept-Encoding': 'gzip, compress, deflate, br'
    },
    method: 'post',
    url: 'https://soroban-testnet.stellar.org:443/',
    data: '{"jsonrpc":"2.0","id":1,"method":"getEvents","params":{"filters":[{"type":"contract","contractIds":["CAQNMNI57UZ44RV7K2T4INETCEES4W77XB3CT22Y2G6SH3SFFLPULDQW"]}],"pagination":{"limit":100},"startLedger":662680}}',
    allowAbsoluteUrls: true
  },
  request: <ref *1> Writable {
    _events: {
      close: undefined,
      error: [Function: handleRequestError],
      prefinish: undefined,
      finish: undefined,
      drain: undefined,
      response: [Function: handleResponse],
      socket: [Array],
      abort: undefined
    },
    _writableState: WritableState {
      highWaterMark: 65536,
      length: 0,
      corked: 0,
      onwrite: [Function: bound onwrite],
      writelen: 0,
      bufferedIndex: 0,
      pendingcb: 0,
      Symbol(kState): 17580812,
      Symbol(kBufferedValue): null
    },
    _maxListeners: undefined,
    _options: {
      maxRedirects: 21,
      maxBodyLength: Infinity,
      protocol: 'https:',
      path: '/',
      method: 'POST',
      headers: [Object: null prototype],
      agents: [Object],
      auth: undefined,
      family: undefined,
      beforeRedirect: [Function: dispatchBeforeRedirect],
      beforeRedirects: [Object],
      http2Options: undefined,
      hostname: 'soroban-testnet.stellar.org',
      port: '',
      agent: undefined,
      nativeProtocols: [Object],
      pathname: '/'
    },
    _ended: true,
    _ending: true,
    _redirectCount: 0,
    _redirects: [],
    _requestBodyLength: 211,
    _requestBodyBuffers: [ [Object] ],
    _eventsCount: 3,
    _onNativeResponse: [Function (anonymous)],
    _currentRequest: ClientRequest {
      _events: [Object: null prototype],
      _eventsCount: 7,
      _maxListeners: undefined,
      outputData: [],
      outputSize: 0,
      writable: true,
      destroyed: false,
      _last: false,
      chunkedEncoding: false,
      shouldKeepAlive: true,
      maxRequestsOnConnectionReached: false,
      _defaultKeepAlive: true,
      useChunkedEncodingByDefault: true,
      sendDate: false,
      _removedConnection: false,
      _removedContLen: false,
      _removedTE: false,
      strictContentLength: false,
      _contentLength: 211,
      _hasBody: true,
      _trailer: '',
      finished: true,
      _headerSent: true,
      _closed: false,
      _header: 'POST / HTTP/1.1\r\n' +
        'Accept: application/json, text/plain, */*\r\n' +
        'Content-Type: application/json\r\n' +
        'X-Client-Name: js-soroban-client\r\n' +
        'X-Client-Version: 12.3.0\r\n' +
        'User-Agent: axios/1.13.2\r\n' +
        'Content-Length: 211\r\n' +
        'Accept-Encoding: gzip, compress, deflate, br\r\n' +
        'Host: soroban-testnet.stellar.org\r\n' +
        'Connection: keep-alive\r\n' +
        '\r\n',
      _keepAliveTimeout: 0,
      _onPendingData: [Function: nop],
      agent: [Agent],
      socketPath: undefined,
      method: 'POST',
      maxHeaderSize: undefined,
      insecureHTTPParser: undefined,
      joinDuplicateHeaders: undefined,
      path: '/',
      _ended: false,
      res: null,
      aborted: false,
      timeoutCb: [Function: emitRequestTimeout],
      upgradeOrConnect: false,
      parser: null,
      maxHeadersCount: null,
      reusedSocket: false,
      host: 'soroban-testnet.stellar.org',
      protocol: 'https:',
      _redirectable: [Circular *1],
      Symbol(shapeMode): false,
      Symbol(kCapture): false,
      Symbol(kBytesWritten): 0,
      Symbol(kNeedDrain): false,
      Symbol(corked): 0,
      Symbol(kChunkedBuffer): [],
      Symbol(kChunkedLength): 0,
      Symbol(kSocket): [TLSSocket],
      Symbol(kOutHeaders): [Object: null prototype],
      Symbol(errored): null,
      Symbol(kHighWaterMark): 65536,
      Symbol(kRejectNonStandardBodyWrites): false,
      Symbol(kUniqueHeaders): null
    },
    _currentUrl: 'https://soroban-testnet.stellar.org/',
    _timeout: null,
    Symbol(shapeMode): true,
    Symbol(kCapture): false
  },
  [cause]: Error: getaddrinfo EAI_AGAIN soroban-testnet.stellar.org
      at GetAddrInfoReqWrap.onlookupall [as oncomplete] (node:dns:122:26) {
    errno: -3001,
    code: 'EAI_AGAIN',
    syscall: 'getaddrinfo',
    hostname: 'soroban-testnet.stellar.org'
  }
}
Error polling events: AxiosError: getaddrinfo EAI_AGAIN soroban-testnet.stellar.org
    at AxiosError.from (/home/eshan/workdump/nebula-ext/relayer/node_modules/axios/dist/node/axios.cjs:914:14)
    at RedirectableRequest.handleRequestError (/home/eshan/workdump/nebula-ext/relayer/node_modules/axios/dist/node/axios.cjs:3515:25)
    at RedirectableRequest.emit (node:events:520:35)
    at eventHandlers.<computed> (/home/eshan/workdump/nebula-ext/relayer/node_modules/follow-redirects/index.js:49:24)
    at ClientRequest.emit (node:events:508:28)
    at emitErrorEvent (node:_http_client:107:11)
    at TLSSocket.socketErrorListener (node:_http_client:574:5)
    at TLSSocket.emit (node:events:508:28)
    at emitErrorNT (node:internal/streams/destroy:170:8)
    at emitErrorCloseNT (node:internal/streams/destroy:129:3)
    at Axios.request (/home/eshan/workdump/nebula-ext/relayer/node_modules/axios/dist/node/axios.cjs:4731:41)
    at process.processTicksAndRejections (node:internal/process/task_queues:105:5) {
  hostname: 'soroban-testnet.stellar.org',
  syscall: 'getaddrinfo',
  code: 'EAI_AGAIN',
  errno: -3001,
  config: {
    transitional: {
      silentJSONParsing: true,
      forcedJSONParsing: true,
      clarifyTimeoutError: false
    },
    adapter: [ 'xhr', 'http', 'fetch' ],
    transformRequest: [ [Function: transformRequest] ],
    transformResponse: [ [Function: transformResponse] ],
    timeout: 0,
    xsrfCookieName: 'XSRF-TOKEN',
    xsrfHeaderName: 'X-XSRF-TOKEN',
    maxContentLength: -1,
    maxBodyLength: -1,
    env: { FormData: [Function], Blob: [class Blob] },
    validateStatus: [Function: validateStatus],
    headers: Object [AxiosHeaders] {
      Accept: 'application/json, text/plain, */*',
      'Content-Type': 'application/json',
      'X-Client-Name': 'js-soroban-client',
      'X-Client-Version': '12.3.0',
      'User-Agent': 'axios/1.13.2',
      'Content-Length': '211',
      'Accept-Encoding': 'gzip, compress, deflate, br'
    },
    method: 'post',
    url: 'https://soroban-testnet.stellar.org:443/',
    data: '{"jsonrpc":"2.0","id":1,"method":"getEvents","params":{"filters":[{"type":"contract","contractIds":["CAQNMNI57UZ44RV7K2T4INETCEES4W77XB3CT22Y2G6SH3SFFLPULDQW"]}],"pagination":{"limit":100},"startLedger":662680}}',
    allowAbsoluteUrls: true
  },
  request: <ref *1> Writable {
    _events: {
      close: undefined,
      error: [Function: handleRequestError],
      prefinish: undefined,
      finish: undefined,
      drain: undefined,
      response: [Function: handleResponse],
      socket: [Array],
      abort: undefined
    },
    _writableState: WritableState {
      highWaterMark: 65536,
      length: 0,
      corked: 0,
      onwrite: [Function: bound onwrite],
      writelen: 0,
      bufferedIndex: 0,
      pendingcb: 0,
      Symbol(kState): 17580812,
      Symbol(kBufferedValue): null
    },
    _maxListeners: undefined,
    _options: {
      maxRedirects: 21,
      maxBodyLength: Infinity,
      protocol: 'https:',
      path: '/',
      method: 'POST',
      headers: [Object: null prototype],
      agents: [Object],
      auth: undefined,
      family: undefined,
      beforeRedirect: [Function: dispatchBeforeRedirect],
      beforeRedirects: [Object],
      http2Options: undefined,
      hostname: 'soroban-testnet.stellar.org',
      port: '',
      agent: undefined,
      nativeProtocols: [Object],
      pathname: '/'
    },
    _ended: true,
    _ending: true,
    _redirectCount: 0,
    _redirects: [],
    _requestBodyLength: 211,
    _requestBodyBuffers: [ [Object] ],
    _eventsCount: 3,
    _onNativeResponse: [Function (anonymous)],
    _currentRequest: ClientRequest {
      _events: [Object: null prototype],
      _eventsCount: 7,
      _maxListeners: undefined,
      outputData: [],
      outputSize: 0,
      writable: true,
      destroyed: false,
      _last: false,
      chunkedEncoding: false,
      shouldKeepAlive: true,
      maxRequestsOnConnectionReached: false,
      _defaultKeepAlive: true,
      useChunkedEncodingByDefault: true,
      sendDate: false,
      _removedConnection: false,
      _removedContLen: false,
      _removedTE: false,
      strictContentLength: false,
      _contentLength: 211,
      _hasBody: true,
      _trailer: '',
      finished: true,
      _headerSent: true,
      _closed: false,
      _header: 'POST / HTTP/1.1\r\n' +
        'Accept: application/json, text/plain, */*\r\n' +
        'Content-Type: application/json\r\n' +
        'X-Client-Name: js-soroban-client\r\n' +
        'X-Client-Version: 12.3.0\r\n' +
        'User-Agent: axios/1.13.2\r\n' +
        'Content-Length: 211\r\n' +
        'Accept-Encoding: gzip, compress, deflate, br\r\n' +
        'Host: soroban-testnet.stellar.org\r\n' +
        'Connection: keep-alive\r\n' +
        '\r\n',
      _keepAliveTimeout: 0,
      _onPendingData: [Function: nop],
      agent: [Agent],
      socketPath: undefined,
      method: 'POST',
      maxHeaderSize: undefined,
      insecureHTTPParser: undefined,
      joinDuplicateHeaders: undefined,
      path: '/',
      _ended: false,
      res: null,
      aborted: false,
      timeoutCb: [Function: emitRequestTimeout],
      upgradeOrConnect: false,
      parser: null,
      maxHeadersCount: null,
      reusedSocket: false,
      host: 'soroban-testnet.stellar.org',
      protocol: 'https:',
      _redirectable: [Circular *1],
      Symbol(shapeMode): false,
      Symbol(kCapture): false,
      Symbol(kBytesWritten): 0,
      Symbol(kNeedDrain): false,
      Symbol(corked): 0,
      Symbol(kChunkedBuffer): [],
      Symbol(kChunkedLength): 0,
      Symbol(kSocket): [TLSSocket],
      Symbol(kOutHeaders): [Object: null prototype],
      Symbol(errored): null,
      Symbol(kHighWaterMark): 65536,
      Symbol(kRejectNonStandardBodyWrites): false,
      Symbol(kUniqueHeaders): null
    },
    _currentUrl: 'https://soroban-testnet.stellar.org/',
    _timeout: null,
    Symbol(shapeMode): true,
    Symbol(kCapture): false
  },
  [cause]: Error: getaddrinfo EAI_AGAIN soroban-testnet.stellar.org
      at GetAddrInfoReqWrap.onlookupall [as oncomplete] (node:dns:122:26) {
    errno: -3001,
    code: 'EAI_AGAIN',
    syscall: 'getaddrinfo',
    hostname: 'soroban-testnet.stellar.org'
  }
}
Error polling events: AxiosError: getaddrinfo EAI_AGAIN soroban-testnet.stellar.org
    at AxiosError.from (/home/eshan/workdump/nebula-ext/relayer/node_modules/axios/dist/node/axios.cjs:914:14)
    at RedirectableRequest.handleRequestError (/home/eshan/workdump/nebula-ext/relayer/node_modules/axios/dist/node/axios.cjs:3515:25)
    at RedirectableRequest.emit (node:events:508:28)
    at eventHandlers.<computed> (/home/eshan/workdump/nebula-ext/relayer/node_modules/follow-redirects/index.js:49:24)
    at ClientRequest.emit (node:events:508:28)
    at emitErrorEvent (node:_http_client:107:11)
    at TLSSocket.socketErrorListener (node:_http_client:574:5)
    at TLSSocket.emit (node:events:508:28)
    at emitErrorNT (node:internal/streams/destroy:170:8)
    at emitErrorCloseNT (node:internal/streams/destroy:129:3)
    at Axios.request (/home/eshan/workdump/nebula-ext/relayer/node_modules/axios/dist/node/axios.cjs:4731:41)
    at process.processTicksAndRejections (node:internal/process/task_queues:105:5) {
  hostname: 'soroban-testnet.stellar.org',
  syscall: 'getaddrinfo',
  code: 'EAI_AGAIN',
  errno: -3001,
  config: {
    transitional: {
      silentJSONParsing: true,
      forcedJSONParsing: true,
      clarifyTimeoutError: false
    },
    adapter: [ 'xhr', 'http', 'fetch' ],
    transformRequest: [ [Function: transformRequest] ],
    transformResponse: [ [Function: transformResponse] ],
    timeout: 0,
    xsrfCookieName: 'XSRF-TOKEN',
    xsrfHeaderName: 'X-XSRF-TOKEN',
    maxContentLength: -1,
    maxBodyLength: -1,
    env: { FormData: [Function], Blob: [class Blob] },
    validateStatus: [Function: validateStatus],
    headers: Object [AxiosHeaders] {
      Accept: 'application/json, text/plain, */*',
      'Content-Type': 'application/json',
      'X-Client-Name': 'js-soroban-client',
      'X-Client-Version': '12.3.0',
      'User-Agent': 'axios/1.13.2',
      'Content-Length': '211',
      'Accept-Encoding': 'gzip, compress, deflate, br'
    },
    method: 'post',
    url: 'https://soroban-testnet.stellar.org:443/',
    data: '{"jsonrpc":"2.0","id":1,"method":"getEvents","params":{"filters":[{"type":"contract","contractIds":["CAQNMNI57UZ44RV7K2T4INETCEES4W77XB3CT22Y2G6SH3SFFLPULDQW"]}],"pagination":{"limit":100},"startLedger":662680}}',
    allowAbsoluteUrls: true
  },
  request: <ref *1> Writable {
    _events: {
      close: undefined,
      error: [Function: handleRequestError],
      prefinish: undefined,
      finish: undefined,
      drain: undefined,
      response: [Function: handleResponse],
      socket: [Array],
      abort: undefined
    },
    _writableState: WritableState {
      highWaterMark: 65536,
      length: 0,
      corked: 0,
      onwrite: [Function: bound onwrite],
      writelen: 0,
      bufferedIndex: 0,
      pendingcb: 0,
      Symbol(kState): 17580812,
      Symbol(kBufferedValue): null
    },
    _maxListeners: undefined,
    _options: {
      maxRedirects: 21,
      maxBodyLength: Infinity,
      protocol: 'https:',
      path: '/',
      method: 'POST',
      headers: [Object: null prototype],
      agents: [Object],
      auth: undefined,
      family: undefined,
      beforeRedirect: [Function: dispatchBeforeRedirect],
      beforeRedirects: [Object],
      http2Options: undefined,
      hostname: 'soroban-testnet.stellar.org',
      port: '',
      agent: undefined,
      nativeProtocols: [Object],
      pathname: '/'
    },
    _ended: true,
    _ending: true,
    _redirectCount: 0,
    _redirects: [],
    _requestBodyLength: 211,
    _requestBodyBuffers: [ [Object] ],
    _eventsCount: 3,
    _onNativeResponse: [Function (anonymous)],
    _currentRequest: ClientRequest {
      _events: [Object: null prototype],
      _eventsCount: 7,
      _maxListeners: undefined,
      outputData: [],
      outputSize: 0,
      writable: true,
      destroyed: false,
      _last: false,
      chunkedEncoding: false,
      shouldKeepAlive: true,
      maxRequestsOnConnectionReached: false,
      _defaultKeepAlive: true,
      useChunkedEncodingByDefault: true,
      sendDate: false,
      _removedConnection: false,
      _removedContLen: false,
      _removedTE: false,
      strictContentLength: false,
      _contentLength: 211,
      _hasBody: true,
      _trailer: '',
      finished: true,
      _headerSent: true,
      _closed: false,
      _header: 'POST / HTTP/1.1\r\n' +
        'Accept: application/json, text/plain, */*\r\n' +
        'Content-Type: application/json\r\n' +
        'X-Client-Name: js-soroban-client\r\n' +
        'X-Client-Version: 12.3.0\r\n' +
        'User-Agent: axios/1.13.2\r\n' +
        'Content-Length: 211\r\n' +
        'Accept-Encoding: gzip, compress, deflate, br\r\n' +
        'Host: soroban-testnet.stellar.org\r\n' +
        'Connection: keep-alive\r\n' +
        '\r\n',
      _keepAliveTimeout: 0,
      _onPendingData: [Function: nop],
      agent: [Agent],
      socketPath: undefined,
      method: 'POST',
      maxHeaderSize: undefined,
      insecureHTTPParser: undefined,
      joinDuplicateHeaders: undefined,
      path: '/',
      _ended: false,
      res: null,
      aborted: false,
      timeoutCb: [Function: emitRequestTimeout],
      upgradeOrConnect: false,
      parser: null,
      maxHeadersCount: null,
      reusedSocket: false,
      host: 'soroban-testnet.stellar.org',
      protocol: 'https:',
      _redirectable: [Circular *1],
      Symbol(shapeMode): false,
      Symbol(kCapture): false,
      Symbol(kBytesWritten): 0,
      Symbol(kNeedDrain): false,
      Symbol(corked): 0,
      Symbol(kChunkedBuffer): [],
      Symbol(kChunkedLength): 0,
      Symbol(kSocket): [TLSSocket],
      Symbol(kOutHeaders): [Object: null prototype],
      Symbol(errored): null,
      Symbol(kHighWaterMark): 65536,
      Symbol(kRejectNonStandardBodyWrites): false,
      Symbol(kUniqueHeaders): null
    },
    _currentUrl: 'https://soroban-testnet.stellar.org/',
    _timeout: null,
    Symbol(shapeMode): true,
    Symbol(kCapture): false
  },
  [cause]: Error: getaddrinfo EAI_AGAIN soroban-testnet.stellar.org
      at GetAddrInfoReqWrap.onlookupall [as oncomplete] (node:dns:122:26) {
    errno: -3001,
    code: 'EAI_AGAIN',
    syscall: 'getaddrinfo',
    hostname: 'soroban-testnet.stellar.org'
  }
}
Error polling events: AxiosError: getaddrinfo EAI_AGAIN soroban-testnet.stellar.org
    at AxiosError.from (/home/eshan/workdump/nebula-ext/relayer/node_modules/axios/dist/node/axios.cjs:914:14)
    at RedirectableRequest.handleRequestError (/home/eshan/workdump/nebula-ext/relayer/node_modules/axios/dist/node/axios.cjs:3515:25)
    at RedirectableRequest.emit (node:events:508:28)
    at eventHandlers.<computed> (/home/eshan/workdump/nebula-ext/relayer/node_modules/follow-redirects/index.js:49:24)
    at ClientRequest.emit (node:events:508:28)
    at emitErrorEvent (node:_http_client:107:11)
    at TLSSocket.socketErrorListener (node:_http_client:574:5)
    at TLSSocket.emit (node:events:508:28)
    at emitErrorNT (node:internal/streams/destroy:170:8)
    at emitErrorCloseNT (node:internal/streams/destroy:129:3)
    at Axios.request (/home/eshan/workdump/nebula-ext/relayer/node_modules/axios/dist/node/axios.cjs:4731:41)
    at process.processTicksAndRejections (node:internal/process/task_queues:105:5) {
  hostname: 'soroban-testnet.stellar.org',
  syscall: 'getaddrinfo',
  code: 'EAI_AGAIN',
  errno: -3001,
  config: {
    transitional: {
      silentJSONParsing: true,
      forcedJSONParsing: true,
      clarifyTimeoutError: false
    },
    adapter: [ 'xhr', 'http', 'fetch' ],
    transformRequest: [ [Function: transformRequest] ],
    transformResponse: [ [Function: transformResponse] ],
    timeout: 0,
    xsrfCookieName: 'XSRF-TOKEN',
    xsrfHeaderName: 'X-XSRF-TOKEN',
    maxContentLength: -1,
    maxBodyLength: -1,
    env: { FormData: [Function], Blob: [class Blob] },
    validateStatus: [Function: validateStatus],
    headers: Object [AxiosHeaders] {
      Accept: 'application/json, text/plain, */*',
      'Content-Type': 'application/json',
      'X-Client-Name': 'js-soroban-client',
      'X-Client-Version': '12.3.0',
      'User-Agent': 'axios/1.13.2',
      'Content-Length': '211',
      'Accept-Encoding': 'gzip, compress, deflate, br'
    },
    method: 'post',
    url: 'https://soroban-testnet.stellar.org:443/',
    data: '{"jsonrpc":"2.0","id":1,"method":"getEvents","params":{"filters":[{"type":"contract","contractIds":["CAQNMNI57UZ44RV7K2T4INETCEES4W77XB3CT22Y2G6SH3SFFLPULDQW"]}],"pagination":{"limit":100},"startLedger":662680}}',
    allowAbsoluteUrls: true
  },
  request: <ref *1> Writable {
    _events: {
      close: undefined,
      error: [Function: handleRequestError],
      prefinish: undefined,
      finish: undefined,
      drain: undefined,
      response: [Function: handleResponse],
      socket: [Array],
      abort: undefined
    },
    _writableState: WritableState {
      highWaterMark: 65536,
      length: 0,
      corked: 0,
      onwrite: [Function: bound onwrite],
      writelen: 0,
      bufferedIndex: 0,
      pendingcb: 0,
      Symbol(kState): 17580812,
      Symbol(kBufferedValue): null
    },
    _maxListeners: undefined,
    _options: {
      maxRedirects: 21,
      maxBodyLength: Infinity,
      protocol: 'https:',
      path: '/',
      method: 'POST',
      headers: [Object: null prototype],
      agents: [Object],
      auth: undefined,
      family: undefined,
      beforeRedirect: [Function: dispatchBeforeRedirect],
      beforeRedirects: [Object],
      http2Options: undefined,
      hostname: 'soroban-testnet.stellar.org',
      port: '',
      agent: undefined,
      nativeProtocols: [Object],
      pathname: '/'
    },
    _ended: true,
    _ending: true,
    _redirectCount: 0,
    _redirects: [],
    _requestBodyLength: 211,
    _requestBodyBuffers: [ [Object] ],
    _eventsCount: 3,
    _onNativeResponse: [Function (anonymous)],
    _currentRequest: ClientRequest {
      _events: [Object: null prototype],
      _eventsCount: 7,
      _maxListeners: undefined,
      outputData: [],
      outputSize: 0,
      writable: true,
      destroyed: false,
      _last: false,
      chunkedEncoding: false,
      shouldKeepAlive: true,
      maxRequestsOnConnectionReached: false,
      _defaultKeepAlive: true,
      useChunkedEncodingByDefault: true,
      sendDate: false,
      _removedConnection: false,
      _removedContLen: false,
      _removedTE: false,
      strictContentLength: false,
      _contentLength: 211,
      _hasBody: true,
      _trailer: '',
      finished: true,
      _headerSent: true,
      _closed: false,
      _header: 'POST / HTTP/1.1\r\n' +
        'Accept: application/json, text/plain, */*\r\n' +
        'Content-Type: application/json\r\n' +
        'X-Client-Name: js-soroban-client\r\n' +
        'X-Client-Version: 12.3.0\r\n' +
        'User-Agent: axios/1.13.2\r\n' +
        'Content-Length: 211\r\n' +
        'Accept-Encoding: gzip, compress, deflate, br\r\n' +
        'Host: soroban-testnet.stellar.org\r\n' +
        'Connection: keep-alive\r\n' +
        '\r\n',
      _keepAliveTimeout: 0,
      _onPendingData: [Function: nop],
      agent: [Agent],
      socketPath: undefined,
      method: 'POST',
      maxHeaderSize: undefined,
      insecureHTTPParser: undefined,
      joinDuplicateHeaders: undefined,
      path: '/',
      _ended: false,
      res: null,
      aborted: false,
      timeoutCb: [Function: emitRequestTimeout],
      upgradeOrConnect: false,
      parser: null,
      maxHeadersCount: null,
      reusedSocket: false,
      host: 'soroban-testnet.stellar.org',
      protocol: 'https:',
      _redirectable: [Circular *1],
      Symbol(shapeMode): false,
      Symbol(kCapture): false,
      Symbol(kBytesWritten): 0,
      Symbol(kNeedDrain): false,
      Symbol(corked): 0,
      Symbol(kChunkedBuffer): [],
      Symbol(kChunkedLength): 0,
      Symbol(kSocket): [TLSSocket],
      Symbol(kOutHeaders): [Object: null prototype],
      Symbol(errored): null,
      Symbol(kHighWaterMark): 65536,
      Symbol(kRejectNonStandardBodyWrites): false,
      Symbol(kUniqueHeaders): null
    },
    _currentUrl: 'https://soroban-testnet.stellar.org/',
    _timeout: null,
    Symbol(shapeMode): true,
    Symbol(kCapture): false
  },
  [cause]: Error: getaddrinfo EAI_AGAIN soroban-testnet.stellar.org
      at GetAddrInfoReqWrap.onlookupall [as oncomplete] (node:dns:122:26) {
    errno: -3001,
    code: 'EAI_AGAIN',
    syscall: 'getaddrinfo',
    hostname: 'soroban-testnet.stellar.org'
  }
}
Error polling events: AxiosError: getaddrinfo EAI_AGAIN soroban-testnet.stellar.org
    at AxiosError.from (/home/eshan/workdump/nebula-ext/relayer/node_modules/axios/dist/node/axios.cjs:914:14)
    at RedirectableRequest.handleRequestError (/home/eshan/workdump/nebula-ext/relayer/node_modules/axios/dist/node/axios.cjs:3515:25)
    at RedirectableRequest.emit (node:events:520:35)
    at eventHandlers.<computed> (/home/eshan/workdump/nebula-ext/relayer/node_modules/follow-redirects/index.js:49:24)
    at ClientRequest.emit (node:events:508:28)
    at emitErrorEvent (node:_http_client:107:11)
    at TLSSocket.socketErrorListener (node:_http_client:574:5)
    at TLSSocket.emit (node:events:508:28)
    at emitErrorNT (node:internal/streams/destroy:170:8)
    at emitErrorCloseNT (node:internal/streams/destroy:129:3)
    at Axios.request (/home/eshan/workdump/nebula-ext/relayer/node_modules/axios/dist/node/axios.cjs:4731:41)
    at process.processTicksAndRejections (node:internal/process/task_queues:105:5) {
  hostname: 'soroban-testnet.stellar.org',
  syscall: 'getaddrinfo',
  code: 'EAI_AGAIN',
  errno: -3001,
  config: {
    transitional: {
      silentJSONParsing: true,
      forcedJSONParsing: true,
      clarifyTimeoutError: false
    },
    adapter: [ 'xhr', 'http', 'fetch' ],
    transformRequest: [ [Function: transformRequest] ],
    transformResponse: [ [Function: transformResponse] ],
    timeout: 0,
    xsrfCookieName: 'XSRF-TOKEN',
    xsrfHeaderName: 'X-XSRF-TOKEN',
    maxContentLength: -1,
    maxBodyLength: -1,
    env: { FormData: [Function], Blob: [class Blob] },
    validateStatus: [Function: validateStatus],
    headers: Object [AxiosHeaders] {
      Accept: 'application/json, text/plain, */*',
      'Content-Type': 'application/json',
      'X-Client-Name': 'js-soroban-client',
      'X-Client-Version': '12.3.0',
      'User-Agent': 'axios/1.13.2',
      'Content-Length': '211',
      'Accept-Encoding': 'gzip, compress, deflate, br'
    },
    method: 'post',
    url: 'https://soroban-testnet.stellar.org:443/',
    data: '{"jsonrpc":"2.0","id":1,"method":"getEvents","params":{"filters":[{"type":"contract","contractIds":["CAQNMNI57UZ44RV7K2T4INETCEES4W77XB3CT22Y2G6SH3SFFLPULDQW"]}],"pagination":{"limit":100},"startLedger":662680}}',
    allowAbsoluteUrls: true
  },
  request: <ref *1> Writable {
    _events: {
      close: undefined,
      error: [Function: handleRequestError],
      prefinish: undefined,
      finish: undefined,
      drain: undefined,
      response: [Function: handleResponse],
      socket: [Array],
      abort: undefined
    },
    _writableState: WritableState {
      highWaterMark: 65536,
      length: 0,
      corked: 0,
      onwrite: [Function: bound onwrite],
      writelen: 0,
      bufferedIndex: 0,
      pendingcb: 0,
      Symbol(kState): 17580812,
      Symbol(kBufferedValue): null
    },
    _maxListeners: undefined,
    _options: {
      maxRedirects: 21,
      maxBodyLength: Infinity,
      protocol: 'https:',
      path: '/',
      method: 'POST',
      headers: [Object: null prototype],
      agents: [Object],
      auth: undefined,
      family: undefined,
      beforeRedirect: [Function: dispatchBeforeRedirect],
      beforeRedirects: [Object],
      http2Options: undefined,
      hostname: 'soroban-testnet.stellar.org',
      port: '',
      agent: undefined,
      nativeProtocols: [Object],
      pathname: '/'
    },
    _ended: true,
    _ending: true,
    _redirectCount: 0,
    _redirects: [],
    _requestBodyLength: 211,
    _requestBodyBuffers: [ [Object] ],
    _eventsCount: 3,
    _onNativeResponse: [Function (anonymous)],
    _currentRequest: ClientRequest {
      _events: [Object: null prototype],
      _eventsCount: 7,
      _maxListeners: undefined,
      outputData: [],
      outputSize: 0,
      writable: true,
      destroyed: false,
      _last: false,
      chunkedEncoding: false,
      shouldKeepAlive: true,
      maxRequestsOnConnectionReached: false,
      _defaultKeepAlive: true,
      useChunkedEncodingByDefault: true,
      sendDate: false,
      _removedConnection: false,
      _removedContLen: false,
      _removedTE: false,
      strictContentLength: false,
      _contentLength: 211,
      _hasBody: true,
      _trailer: '',
      finished: true,
      _headerSent: true,
      _closed: false,
      _header: 'POST / HTTP/1.1\r\n' +
        'Accept: application/json, text/plain, */*\r\n' +
        'Content-Type: application/json\r\n' +
        'X-Client-Name: js-soroban-client\r\n' +
        'X-Client-Version: 12.3.0\r\n' +
        'User-Agent: axios/1.13.2\r\n' +
        'Content-Length: 211\r\n' +
        'Accept-Encoding: gzip, compress, deflate, br\r\n' +
        'Host: soroban-testnet.stellar.org\r\n' +
        'Connection: keep-alive\r\n' +
        '\r\n',
      _keepAliveTimeout: 0,
      _onPendingData: [Function: nop],
      agent: [Agent],
      socketPath: undefined,
      method: 'POST',
      maxHeaderSize: undefined,
      insecureHTTPParser: undefined,
      joinDuplicateHeaders: undefined,
      path: '/',
      _ended: false,
      res: null,
      aborted: false,
      timeoutCb: [Function: emitRequestTimeout],
      upgradeOrConnect: false,
      parser: null,
      maxHeadersCount: null,
      reusedSocket: false,
      host: 'soroban-testnet.stellar.org',
      protocol: 'https:',
      _redirectable: [Circular *1],
      Symbol(shapeMode): false,
      Symbol(kCapture): false,
      Symbol(kBytesWritten): 0,
      Symbol(kNeedDrain): false,
      Symbol(corked): 0,
      Symbol(kChunkedBuffer): [],
      Symbol(kChunkedLength): 0,
      Symbol(kSocket): [TLSSocket],
      Symbol(kOutHeaders): [Object: null prototype],
      Symbol(errored): null,
      Symbol(kHighWaterMark): 65536,
      Symbol(kRejectNonStandardBodyWrites): false,
      Symbol(kUniqueHeaders): null
    },
    _currentUrl: 'https://soroban-testnet.stellar.org/',
    _timeout: null,
    Symbol(shapeMode): true,
    Symbol(kCapture): false
  },
  [cause]: Error: getaddrinfo EAI_AGAIN soroban-testnet.stellar.org
      at GetAddrInfoReqWrap.onlookupall [as oncomplete] (node:dns:122:26) {
    errno: -3001,
    code: 'EAI_AGAIN',
    syscall: 'getaddrinfo',
    hostname: 'soroban-testnet.stellar.org'
  }
}
Error polling events: AxiosError: getaddrinfo EAI_AGAIN soroban-testnet.stellar.org
    at AxiosError.from (/home/eshan/workdump/nebula-ext/relayer/node_modules/axios/dist/node/axios.cjs:914:14)
    at RedirectableRequest.handleRequestError (/home/eshan/workdump/nebula-ext/relayer/node_modules/axios/dist/node/axios.cjs:3515:25)
    at RedirectableRequest.emit (node:events:520:35)
    at eventHandlers.<computed> (/home/eshan/workdump/nebula-ext/relayer/node_modules/follow-redirects/index.js:49:24)
    at ClientRequest.emit (node:events:508:28)
    at emitErrorEvent (node:_http_client:107:11)
    at TLSSocket.socketErrorListener (node:_http_client:574:5)
    at TLSSocket.emit (node:events:508:28)
    at emitErrorNT (node:internal/streams/destroy:170:8)
    at emitErrorCloseNT (node:internal/streams/destroy:129:3)
    at Axios.request (/home/eshan/workdump/nebula-ext/relayer/node_modules/axios/dist/node/axios.cjs:4731:41)
    at process.processTicksAndRejections (node:internal/process/task_queues:105:5) {
  hostname: 'soroban-testnet.stellar.org',
  syscall: 'getaddrinfo',
  code: 'EAI_AGAIN',
  errno: -3001,
  config: {
    transitional: {
      silentJSONParsing: true,
      forcedJSONParsing: true,
      clarifyTimeoutError: false
    },
    adapter: [ 'xhr', 'http', 'fetch' ],
    transformRequest: [ [Function: transformRequest] ],
    transformResponse: [ [Function: transformResponse] ],
    timeout: 0,
    xsrfCookieName: 'XSRF-TOKEN',
    xsrfHeaderName: 'X-XSRF-TOKEN',
    maxContentLength: -1,
    maxBodyLength: -1,
    env: { FormData: [Function], Blob: [class Blob] },
    validateStatus: [Function: validateStatus],
    headers: Object [AxiosHeaders] {
      Accept: 'application/json, text/plain, */*',
      'Content-Type': 'application/json',
      'X-Client-Name': 'js-soroban-client',
      'X-Client-Version': '12.3.0',
      'User-Agent': 'axios/1.13.2',
      'Content-Length': '211',
      'Accept-Encoding': 'gzip, compress, deflate, br'
    },
    method: 'post',
    url: 'https://soroban-testnet.stellar.org:443/',
    data: '{"jsonrpc":"2.0","id":1,"method":"getEvents","params":{"filters":[{"type":"contract","contractIds":["CAQNMNI57UZ44RV7K2T4INETCEES4W77XB3CT22Y2G6SH3SFFLPULDQW"]}],"pagination":{"limit":100},"startLedger":662680}}',
    allowAbsoluteUrls: true
  },
  request: <ref *1> Writable {
    _events: {
      close: undefined,
      error: [Function: handleRequestError],
      prefinish: undefined,
      finish: undefined,
      drain: undefined,
      response: [Function: handleResponse],
      socket: [Array],
      abort: undefined
    },
    _writableState: WritableState {
      highWaterMark: 65536,
      length: 0,
      corked: 0,
      onwrite: [Function: bound onwrite],
      writelen: 0,
      bufferedIndex: 0,
      pendingcb: 0,
      Symbol(kState): 17580812,
      Symbol(kBufferedValue): null
    },
    _maxListeners: undefined,
    _options: {
      maxRedirects: 21,
      maxBodyLength: Infinity,
      protocol: 'https:',
      path: '/',
      method: 'POST',
      headers: [Object: null prototype],
      agents: [Object],
      auth: undefined,
      family: undefined,
      beforeRedirect: [Function: dispatchBeforeRedirect],
      beforeRedirects: [Object],
      http2Options: undefined,
      hostname: 'soroban-testnet.stellar.org',
      port: '',
      agent: undefined,
      nativeProtocols: [Object],
      pathname: '/'
    },
    _ended: true,
    _ending: true,
    _redirectCount: 0,
    _redirects: [],
    _requestBodyLength: 211,
    _requestBodyBuffers: [ [Object] ],
    _eventsCount: 3,
    _onNativeResponse: [Function (anonymous)],
    _currentRequest: ClientRequest {
      _events: [Object: null prototype],
      _eventsCount: 7,
      _maxListeners: undefined,
      outputData: [],
      outputSize: 0,
      writable: true,
      destroyed: false,
      _last: false,
      chunkedEncoding: false,
      shouldKeepAlive: true,
      maxRequestsOnConnectionReached: false,
      _defaultKeepAlive: true,
      useChunkedEncodingByDefault: true,
      sendDate: false,
      _removedConnection: false,
      _removedContLen: false,
      _removedTE: false,
      strictContentLength: false,
      _contentLength: 211,
      _hasBody: true,
      _trailer: '',
      finished: true,
      _headerSent: true,
      _closed: false,
      _header: 'POST / HTTP/1.1\r\n' +
        'Accept: application/json, text/plain, */*\r\n' +
        'Content-Type: application/json\r\n' +
        'X-Client-Name: js-soroban-client\r\n' +
        'X-Client-Version: 12.3.0\r\n' +
        'User-Agent: axios/1.13.2\r\n' +
        'Content-Length: 211\r\n' +
        'Accept-Encoding: gzip, compress, deflate, br\r\n' +
        'Host: soroban-testnet.stellar.org\r\n' +
        'Connection: keep-alive\r\n' +
        '\r\n',
      _keepAliveTimeout: 0,
      _onPendingData: [Function: nop],
      agent: [Agent],
      socketPath: undefined,
      method: 'POST',
      maxHeaderSize: undefined,
      insecureHTTPParser: undefined,
      joinDuplicateHeaders: undefined,
      path: '/',
      _ended: false,
      res: null,
      aborted: false,
      timeoutCb: [Function: emitRequestTimeout],
      upgradeOrConnect: false,
      parser: null,
      maxHeadersCount: null,
      reusedSocket: false,
      host: 'soroban-testnet.stellar.org',
      protocol: 'https:',
      _redirectable: [Circular *1],
      Symbol(shapeMode): false,
      Symbol(kCapture): false,
      Symbol(kBytesWritten): 0,
      Symbol(kNeedDrain): false,
      Symbol(corked): 0,
      Symbol(kChunkedBuffer): [],
      Symbol(kChunkedLength): 0,
      Symbol(kSocket): [TLSSocket],
      Symbol(kOutHeaders): [Object: null prototype],
      Symbol(errored): null,
      Symbol(kHighWaterMark): 65536,
      Symbol(kRejectNonStandardBodyWrites): false,
      Symbol(kUniqueHeaders): null
    },
    _currentUrl: 'https://soroban-testnet.stellar.org/',
    _timeout: null,
    Symbol(shapeMode): true,
    Symbol(kCapture): false
  },
  [cause]: Error: getaddrinfo EAI_AGAIN soroban-testnet.stellar.org
      at GetAddrInfoReqWrap.onlookupall [as oncomplete] (node:dns:122:26) {
    errno: -3001,
    code: 'EAI_AGAIN',
    syscall: 'getaddrinfo',
    hostname: 'soroban-testnet.stellar.org'
  }
}
Error polling events: AxiosError: getaddrinfo EAI_AGAIN soroban-testnet.stellar.org
    at AxiosError.from (/home/eshan/workdump/nebula-ext/relayer/node_modules/axios/dist/node/axios.cjs:914:14)
    at RedirectableRequest.handleRequestError (/home/eshan/workdump/nebula-ext/relayer/node_modules/axios/dist/node/axios.cjs:3515:25)
    at RedirectableRequest.emit (node:events:520:35)
    at eventHandlers.<computed> (/home/eshan/workdump/nebula-ext/relayer/node_modules/follow-redirects/index.js:49:24)
    at ClientRequest.emit (node:events:508:28)
    at emitErrorEvent (node:_http_client:107:11)
    at TLSSocket.socketErrorListener (node:_http_client:574:5)
    at TLSSocket.emit (node:events:508:28)
    at emitErrorNT (node:internal/streams/destroy:170:8)
    at emitErrorCloseNT (node:internal/streams/destroy:129:3)
    at Axios.request (/home/eshan/workdump/nebula-ext/relayer/node_modules/axios/dist/node/axios.cjs:4731:41)
    at process.processTicksAndRejections (node:internal/process/task_queues:105:5) {
  hostname: 'soroban-testnet.stellar.org',
  syscall: 'getaddrinfo',
  code: 'EAI_AGAIN',
  errno: -3001,
  config: {
    transitional: {
      silentJSONParsing: true,
      forcedJSONParsing: true,
      clarifyTimeoutError: false
    },
    adapter: [ 'xhr', 'http', 'fetch' ],
    transformRequest: [ [Function: transformRequest] ],
    transformResponse: [ [Function: transformResponse] ],
    timeout: 0,
    xsrfCookieName: 'XSRF-TOKEN',
    xsrfHeaderName: 'X-XSRF-TOKEN',
    maxContentLength: -1,
    maxBodyLength: -1,
    env: { FormData: [Function], Blob: [class Blob] },
    validateStatus: [Function: validateStatus],
    headers: Object [AxiosHeaders] {
      Accept: 'application/json, text/plain, */*',
      'Content-Type': 'application/json',
      'X-Client-Name': 'js-soroban-client',
      'X-Client-Version': '12.3.0',
      'User-Agent': 'axios/1.13.2',
      'Content-Length': '211',
      'Accept-Encoding': 'gzip, compress, deflate, br'
    },
    method: 'post',
    url: 'https://soroban-testnet.stellar.org:443/',
    data: '{"jsonrpc":"2.0","id":1,"method":"getEvents","params":{"filters":[{"type":"contract","contractIds":["CAQNMNI57UZ44RV7K2T4INETCEES4W77XB3CT22Y2G6SH3SFFLPULDQW"]}],"pagination":{"limit":100},"startLedger":662680}}',
    allowAbsoluteUrls: true
  },
  request: <ref *1> Writable {
    _events: {
      close: undefined,
      error: [Function: handleRequestError],
      prefinish: undefined,
      finish: undefined,
      drain: undefined,
      response: [Function: handleResponse],
      socket: [Array],
      abort: undefined
    },
    _writableState: WritableState {
      highWaterMark: 65536,
      length: 0,
      corked: 0,
      onwrite: [Function: bound onwrite],
      writelen: 0,
      bufferedIndex: 0,
      pendingcb: 0,
      Symbol(kState): 17580812,
      Symbol(kBufferedValue): null
    },
    _maxListeners: undefined,
    _options: {
      maxRedirects: 21,
      maxBodyLength: Infinity,
      protocol: 'https:',
      path: '/',
      method: 'POST',
      headers: [Object: null prototype],
      agents: [Object],
      auth: undefined,
      family: undefined,
      beforeRedirect: [Function: dispatchBeforeRedirect],
      beforeRedirects: [Object],
      http2Options: undefined,
      hostname: 'soroban-testnet.stellar.org',
      port: '',
      agent: undefined,
      nativeProtocols: [Object],
      pathname: '/'
    },
    _ended: true,
    _ending: true,
    _redirectCount: 0,
    _redirects: [],
    _requestBodyLength: 211,
    _requestBodyBuffers: [ [Object] ],
    _eventsCount: 3,
    _onNativeResponse: [Function (anonymous)],
    _currentRequest: ClientRequest {
      _events: [Object: null prototype],
      _eventsCount: 7,
      _maxListeners: undefined,
      outputData: [],
      outputSize: 0,
      writable: true,
      destroyed: false,
      _last: false,
      chunkedEncoding: false,
      shouldKeepAlive: true,
      maxRequestsOnConnectionReached: false,
      _defaultKeepAlive: true,
      useChunkedEncodingByDefault: true,
      sendDate: false,
      _removedConnection: false,
      _removedContLen: false,
      _removedTE: false,
      strictContentLength: false,
      _contentLength: 211,
      _hasBody: true,
      _trailer: '',
      finished: true,
      _headerSent: true,
      _closed: false,
      _header: 'POST / HTTP/1.1\r\n' +
        'Accept: application/json, text/plain, */*\r\n' +
        'Content-Type: application/json\r\n' +
        'X-Client-Name: js-soroban-client\r\n' +
        'X-Client-Version: 12.3.0\r\n' +
        'User-Agent: axios/1.13.2\r\n' +
        'Content-Length: 211\r\n' +
        'Accept-Encoding: gzip, compress, deflate, br\r\n' +
        'Host: soroban-testnet.stellar.org\r\n' +
        'Connection: keep-alive\r\n' +
        '\r\n',
      _keepAliveTimeout: 0,
      _onPendingData: [Function: nop],
      agent: [Agent],
      socketPath: undefined,
      method: 'POST',
      maxHeaderSize: undefined,
      insecureHTTPParser: undefined,
      joinDuplicateHeaders: undefined,
      path: '/',
      _ended: false,
      res: null,
      aborted: false,
      timeoutCb: [Function: emitRequestTimeout],
      upgradeOrConnect: false,
      parser: null,
      maxHeadersCount: null,
      reusedSocket: false,
      host: 'soroban-testnet.stellar.org',
      protocol: 'https:',
      _redirectable: [Circular *1],
      Symbol(shapeMode): false,
      Symbol(kCapture): false,
      Symbol(kBytesWritten): 0,
      Symbol(kNeedDrain): false,
      Symbol(corked): 0,
      Symbol(kChunkedBuffer): [],
      Symbol(kChunkedLength): 0,
      Symbol(kSocket): [TLSSocket],
      Symbol(kOutHeaders): [Object: null prototype],
      Symbol(errored): null,
      Symbol(kHighWaterMark): 65536,
      Symbol(kRejectNonStandardBodyWrites): false,
      Symbol(kUniqueHeaders): null
    },
    _currentUrl: 'https://soroban-testnet.stellar.org/',
    _timeout: null,
    Symbol(shapeMode): true,
    Symbol(kCapture): false
  },
  [cause]: Error: getaddrinfo EAI_AGAIN soroban-testnet.stellar.org
      at GetAddrInfoReqWrap.onlookupall [as oncomplete] (node:dns:122:26) {
    errno: -3001,
    code: 'EAI_AGAIN',
    syscall: 'getaddrinfo',
    hostname: 'soroban-testnet.stellar.org'
  }
}
Error polling events: AxiosError: getaddrinfo EAI_AGAIN soroban-testnet.stellar.org
    at AxiosError.from (/home/eshan/workdump/nebula-ext/relayer/node_modules/axios/dist/node/axios.cjs:914:14)
    at RedirectableRequest.handleRequestError (/home/eshan/workdump/nebula-ext/relayer/node_modules/axios/dist/node/axios.cjs:3515:25)
    at RedirectableRequest.emit (node:events:520:35)
    at eventHandlers.<computed> (/home/eshan/workdump/nebula-ext/relayer/node_modules/follow-redirects/index.js:49:24)
    at ClientRequest.emit (node:events:508:28)
    at emitErrorEvent (node:_http_client:107:11)
    at TLSSocket.socketErrorListener (node:_http_client:574:5)
    at TLSSocket.emit (node:events:508:28)
    at emitErrorNT (node:internal/streams/destroy:170:8)
    at emitErrorCloseNT (node:internal/streams/destroy:129:3)
    at Axios.request (/home/eshan/workdump/nebula-ext/relayer/node_modules/axios/dist/node/axios.cjs:4731:41)
    at process.processTicksAndRejections (node:internal/process/task_queues:105:5) {
  hostname: 'soroban-testnet.stellar.org',
  syscall: 'getaddrinfo',
  code: 'EAI_AGAIN',
  errno: -3001,
  config: {
    transitional: {
      silentJSONParsing: true,
      forcedJSONParsing: true,
      clarifyTimeoutError: false
    },
    adapter: [ 'xhr', 'http', 'fetch' ],
    transformRequest: [ [Function: transformRequest] ],
    transformResponse: [ [Function: transformResponse] ],
    timeout: 0,
    xsrfCookieName: 'XSRF-TOKEN',
    xsrfHeaderName: 'X-XSRF-TOKEN',
    maxContentLength: -1,
    maxBodyLength: -1,
    env: { FormData: [Function], Blob: [class Blob] },
    validateStatus: [Function: validateStatus],
    headers: Object [AxiosHeaders] {
      Accept: 'application/json, text/plain, */*',
      'Content-Type': 'application/json',
      'X-Client-Name': 'js-soroban-client',
      'X-Client-Version': '12.3.0',
      'User-Agent': 'axios/1.13.2',
      'Content-Length': '211',
      'Accept-Encoding': 'gzip, compress, deflate, br'
    },
    method: 'post',
    url: 'https://soroban-testnet.stellar.org:443/',
    data: '{"jsonrpc":"2.0","id":1,"method":"getEvents","params":{"filters":[{"type":"contract","contractIds":["CAQNMNI57UZ44RV7K2T4INETCEES4W77XB3CT22Y2G6SH3SFFLPULDQW"]}],"pagination":{"limit":100},"startLedger":662680}}',
    allowAbsoluteUrls: true
  },
  request: <ref *1> Writable {
    _events: {
      close: undefined,
      error: [Function: handleRequestError],
      prefinish: undefined,
      finish: undefined,
      drain: undefined,
      response: [Function: handleResponse],
      socket: [Array],
      abort: undefined
    },
    _writableState: WritableState {
      highWaterMark: 65536,
      length: 0,
      corked: 0,
      onwrite: [Function: bound onwrite],
      writelen: 0,
      bufferedIndex: 0,
      pendingcb: 0,
      Symbol(kState): 17580812,
      Symbol(kBufferedValue): null
    },
    _maxListeners: undefined,
    _options: {
      maxRedirects: 21,
      maxBodyLength: Infinity,
      protocol: 'https:',
      path: '/',
      method: 'POST',
      headers: [Object: null prototype],
      agents: [Object],
      auth: undefined,
      family: undefined,
      beforeRedirect: [Function: dispatchBeforeRedirect],
      beforeRedirects: [Object],
      http2Options: undefined,
      hostname: 'soroban-testnet.stellar.org',
      port: '',
      agent: undefined,
      nativeProtocols: [Object],
      pathname: '/'
    },
    _ended: true,
    _ending: true,
    _redirectCount: 0,
    _redirects: [],
    _requestBodyLength: 211,
    _requestBodyBuffers: [ [Object] ],
    _eventsCount: 3,
    _onNativeResponse: [Function (anonymous)],
    _currentRequest: ClientRequest {
      _events: [Object: null prototype],
      _eventsCount: 7,
      _maxListeners: undefined,
      outputData: [],
      outputSize: 0,
      writable: true,
      destroyed: false,
      _last: false,
      chunkedEncoding: false,
      shouldKeepAlive: true,
      maxRequestsOnConnectionReached: false,
      _defaultKeepAlive: true,
      useChunkedEncodingByDefault: true,
      sendDate: false,
      _removedConnection: false,
      _removedContLen: false,
      _removedTE: false,
      strictContentLength: false,
      _contentLength: 211,
      _hasBody: true,
      _trailer: '',
      finished: true,
      _headerSent: true,
      _closed: false,
      _header: 'POST / HTTP/1.1\r\n' +
        'Accept: application/json, text/plain, */*\r\n' +
        'Content-Type: application/json\r\n' +
        'X-Client-Name: js-soroban-client\r\n' +
        'X-Client-Version: 12.3.0\r\n' +
        'User-Agent: axios/1.13.2\r\n' +
        'Content-Length: 211\r\n' +
        'Accept-Encoding: gzip, compress, deflate, br\r\n' +
        'Host: soroban-testnet.stellar.org\r\n' +
        'Connection: keep-alive\r\n' +
        '\r\n',
      _keepAliveTimeout: 0,
      _onPendingData: [Function: nop],
      agent: [Agent],
      socketPath: undefined,
      method: 'POST',
      maxHeaderSize: undefined,
      insecureHTTPParser: undefined,
      joinDuplicateHeaders: undefined,
      path: '/',
      _ended: false,
      res: null,
      aborted: false,
      timeoutCb: [Function: emitRequestTimeout],
      upgradeOrConnect: false,
      parser: null,
      maxHeadersCount: null,
      reusedSocket: false,
      host: 'soroban-testnet.stellar.org',
      protocol: 'https:',
      _redirectable: [Circular *1],
      Symbol(shapeMode): false,
      Symbol(kCapture): false,
      Symbol(kBytesWritten): 0,
      Symbol(kNeedDrain): false,
      Symbol(corked): 0,
      Symbol(kChunkedBuffer): [],
      Symbol(kChunkedLength): 0,
      Symbol(kSocket): [TLSSocket],
      Symbol(kOutHeaders): [Object: null prototype],
      Symbol(errored): null,
      Symbol(kHighWaterMark): 65536,
      Symbol(kRejectNonStandardBodyWrites): false,
      Symbol(kUniqueHeaders): null
    },
    _currentUrl: 'https://soroban-testnet.stellar.org/',
    _timeout: null,
    Symbol(shapeMode): true,
    Symbol(kCapture): false
  },
  [cause]: Error: getaddrinfo EAI_AGAIN soroban-testnet.stellar.org
      at GetAddrInfoReqWrap.onlookupall [as oncomplete] (node:dns:122:26) {
    errno: -3001,
    code: 'EAI_AGAIN',
    syscall: 'getaddrinfo',
    hostname: 'soroban-testnet.stellar.org'
  }
}
Error polling events: AxiosError: getaddrinfo EAI_AGAIN soroban-testnet.stellar.org
    at AxiosError.from (/home/eshan/workdump/nebula-ext/relayer/node_modules/axios/dist/node/axios.cjs:914:14)
    at RedirectableRequest.handleRequestError (/home/eshan/workdump/nebula-ext/relayer/node_modules/axios/dist/node/axios.cjs:3515:25)
    at RedirectableRequest.emit (node:events:520:35)
    at eventHandlers.<computed> (/home/eshan/workdump/nebula-ext/relayer/node_modules/follow-redirects/index.js:49:24)
    at ClientRequest.emit (node:events:508:28)
    at emitErrorEvent (node:_http_client:107:11)
    at TLSSocket.socketErrorListener (node:_http_client:574:5)
    at TLSSocket.emit (node:events:508:28)
    at emitErrorNT (node:internal/streams/destroy:170:8)
    at emitErrorCloseNT (node:internal/streams/destroy:129:3)
    at Axios.request (/home/eshan/workdump/nebula-ext/relayer/node_modules/axios/dist/node/axios.cjs:4731:41)
    at process.processTicksAndRejections (node:internal/process/task_queues:105:5) {
  hostname: 'soroban-testnet.stellar.org',
  syscall: 'getaddrinfo',
  code: 'EAI_AGAIN',
  errno: -3001,
  config: {
    transitional: {
      silentJSONParsing: true,
      forcedJSONParsing: true,
      clarifyTimeoutError: false
    },
    adapter: [ 'xhr', 'http', 'fetch' ],
    transformRequest: [ [Function: transformRequest] ],
    transformResponse: [ [Function: transformResponse] ],
    timeout: 0,
    xsrfCookieName: 'XSRF-TOKEN',
    xsrfHeaderName: 'X-XSRF-TOKEN',
    maxContentLength: -1,
    maxBodyLength: -1,
    env: { FormData: [Function], Blob: [class Blob] },
    validateStatus: [Function: validateStatus],
    headers: Object [AxiosHeaders] {
      Accept: 'application/json, text/plain, */*',
      'Content-Type': 'application/json',
      'X-Client-Name': 'js-soroban-client',
      'X-Client-Version': '12.3.0',
      'User-Agent': 'axios/1.13.2',
      'Content-Length': '211',
      'Accept-Encoding': 'gzip, compress, deflate, br'
    },
    method: 'post',
    url: 'https://soroban-testnet.stellar.org:443/',
    data: '{"jsonrpc":"2.0","id":1,"method":"getEvents","params":{"filters":[{"type":"contract","contractIds":["CAQNMNI57UZ44RV7K2T4INETCEES4W77XB3CT22Y2G6SH3SFFLPULDQW"]}],"pagination":{"limit":100},"startLedger":662680}}',
    allowAbsoluteUrls: true
  },
  request: <ref *1> Writable {
    _events: {
      close: undefined,
      error: [Function: handleRequestError],
      prefinish: undefined,
      finish: undefined,
      drain: undefined,
      response: [Function: handleResponse],
      socket: [Array],
      abort: undefined
    },
    _writableState: WritableState {
      highWaterMark: 65536,
      length: 0,
      corked: 0,
      onwrite: [Function: bound onwrite],
      writelen: 0,
      bufferedIndex: 0,
      pendingcb: 0,
      Symbol(kState): 17580812,
      Symbol(kBufferedValue): null
    },
    _maxListeners: undefined,
    _options: {
      maxRedirects: 21,
      maxBodyLength: Infinity,
      protocol: 'https:',
      path: '/',
      method: 'POST',
      headers: [Object: null prototype],
      agents: [Object],
      auth: undefined,
      family: undefined,
      beforeRedirect: [Function: dispatchBeforeRedirect],
      beforeRedirects: [Object],
      http2Options: undefined,
      hostname: 'soroban-testnet.stellar.org',
      port: '',
      agent: undefined,
      nativeProtocols: [Object],
      pathname: '/'
    },
    _ended: true,
    _ending: true,
    _redirectCount: 0,
    _redirects: [],
    _requestBodyLength: 211,
    _requestBodyBuffers: [ [Object] ],
    _eventsCount: 3,
    _onNativeResponse: [Function (anonymous)],
    _currentRequest: ClientRequest {
      _events: [Object: null prototype],
      _eventsCount: 7,
      _maxListeners: undefined,
      outputData: [],
      outputSize: 0,
      writable: true,
      destroyed: false,
      _last: false,
      chunkedEncoding: false,
      shouldKeepAlive: true,
      maxRequestsOnConnectionReached: false,
      _defaultKeepAlive: true,
      useChunkedEncodingByDefault: true,
      sendDate: false,
      _removedConnection: false,
      _removedContLen: false,
      _removedTE: false,
      strictContentLength: false,
      _contentLength: 211,
      _hasBody: true,
      _trailer: '',
      finished: true,
      _headerSent: true,
      _closed: false,
      _header: 'POST / HTTP/1.1\r\n' +
        'Accept: application/json, text/plain, */*\r\n' +
        'Content-Type: application/json\r\n' +
        'X-Client-Name: js-soroban-client\r\n' +
        'X-Client-Version: 12.3.0\r\n' +
        'User-Agent: axios/1.13.2\r\n' +
        'Content-Length: 211\r\n' +
        'Accept-Encoding: gzip, compress, deflate, br\r\n' +
        'Host: soroban-testnet.stellar.org\r\n' +
        'Connection: keep-alive\r\n' +
        '\r\n',
      _keepAliveTimeout: 0,
      _onPendingData: [Function: nop],
      agent: [Agent],
      socketPath: undefined,
      method: 'POST',
      maxHeaderSize: undefined,
      insecureHTTPParser: undefined,
      joinDuplicateHeaders: undefined,
      path: '/',
      _ended: false,
      res: null,
      aborted: false,
      timeoutCb: [Function: emitRequestTimeout],
      upgradeOrConnect: false,
      parser: null,
      maxHeadersCount: null,
      reusedSocket: false,
      host: 'soroban-testnet.stellar.org',
      protocol: 'https:',
      _redirectable: [Circular *1],
      Symbol(shapeMode): false,
      Symbol(kCapture): false,
      Symbol(kBytesWritten): 0,
      Symbol(kNeedDrain): false,
      Symbol(corked): 0,
      Symbol(kChunkedBuffer): [],
      Symbol(kChunkedLength): 0,
      Symbol(kSocket): [TLSSocket],
      Symbol(kOutHeaders): [Object: null prototype],
      Symbol(errored): null,
      Symbol(kHighWaterMark): 65536,
      Symbol(kRejectNonStandardBodyWrites): false,
      Symbol(kUniqueHeaders): null
    },
    _currentUrl: 'https://soroban-testnet.stellar.org/',
    _timeout: null,
    Symbol(shapeMode): true,
    Symbol(kCapture): false
  },
  [cause]: Error: getaddrinfo EAI_AGAIN soroban-testnet.stellar.org
      at GetAddrInfoReqWrap.onlookupall [as oncomplete] (node:dns:122:26) {
    errno: -3001,
    code: 'EAI_AGAIN',
    syscall: 'getaddrinfo',
    hostname: 'soroban-testnet.stellar.org'
  }
}
